Round,Team,Player,Number,Position,Mins Played,Points,Tries,Conversions,Conversion Attempts,Penalty Goals,Goal Conversion Rate,1 Point Field Goals,2 Point Field Goals,Total Points,All Runs,All Run Metres,Kick Return Metres,Post Contact Metres,Line Breaks,Line Break Assists,Try Assists,Line Engaged Runs,Tackle Breaks,Hit Ups,Play The Ball,Average Play The Ball Speed,Dummy Half Runs,Dummy Half Run Metres,One on One Steal,Offloads,Dummy Passes,Passes,Receipts,Passes To Run Ratio,Tackle Efficiency,Tackles Made,Missed Tackles,Ineffective Tackles,Intercepts,Kicks Defused,Kicks,Kicking Metres,Forced Drop Outs,Bomb Kicks,Grubbers,40/20,20/40,Cross Field Kicks,Kicked Dead,Errors,Handling Errors,One on One Lost,Penalties,Ruck Infringements,Inside 10 Metres,On Report,Sin Bins,Send Offs,Stint One,Stint Two
5,Rabbitohs,Latrell Mitchell,1,Fullback,80,9,2,0,0,0,0,1,0,95,14,157,81,39,1,3,1,0,11,0,8,4.2,2,14,0,1,0,17,32,1.21,1.0,5,0,0,0,0,1,5,0,0,1,0,0,0,0,0,0,0,0,0,0,0,0,0,80,0
5,Rabbitohs,Alex Johnston,2,Winger,80,4,1,0,0,0,0,0,0,40,14,174,46,28,2,0,0,0,2,1,10,3.69,1,10,0,1,1,0,14,0,1.0,1,0,0,0,0,1,4,0,0,0,0,0,0,0,1,0,0,0,0,0,0,0,0,80,0
5,Rabbitohs,Dane Gagai,3,Centre,80,0,0,0,0,0,0,0,0,60,16,166,0,47,1,1,2,0,4,0,12,4s,1,10,0,1,0,9,20,0.56,0.75,18,2,4,0,0,0,0,0,0,0,0,0,0,0,0,0,0,0,0,0,0,0,0,80,0
5,Rabbitohs,Campbell Graham,4,Centre,80,4,1,0,0,0,0,0,0,63,16,195,0,68,1,0,0,0,8,0,15,3.93,0,0,0,0,0,7,23,0.44,0.9329999999999999,14,0,1,0,0,0,0,0,0,0,0,0,0,0,3,2,0,0,0,0,0,0,0,80,0
5,Rabbitohs,Josh Mansour,5,Winger,80,0,0,0,0,0,0,0,0,30,14,126,22,29,0,0,0,0,5,1,15,4.19,1,11,0,0,1,3,19,0.21,0.75,3,1,0,0,2,0,0,0,0,0,0,0,0,0,0,0,0,0,0,0,0,0,0,80,0
5,Rabbitohs,Benji Marshall,6,Five-Eighth,80,4,1,0,0,0,0,0,0,46,10,74,0,3,2,1,1,0,1,0,1,2.76,0,0,0,1,3,44,51,4.4,0.759,22,3,4,0,0,2,34,0,1,1,0,0,0,0,2,2,0,1,0,0,0,0,0,80,0
5,Rabbitohs,Adam Reynolds,7,Halfback,80,14,1,3,6,1,0.5714,0,1,53,6,65,0,13,0,0,1,0,2,0,2,5.7,1,13,0,0,0,29,47,4.83,0.7140000000000001,5,2,0,0,0,14,378,0,3,2,0,0,2,1,1,1,0,1,0,0,0,0,0,80,0
5,Rabbitohs,Thomas Burgess,8,Prop,47,0,0,0,0,0,0,0,0,47,19,246,117,80,0,0,0,0,0,12,18,3.72,0,0,0,0,0,0,19,0,0.871,27,1,3,0,0,0,0,0,0,0,0,0,0,0,0,0,0,1,0,0,0,0,0,22,24
5,Rabbitohs,Damien Cook,9,Hooker,66,0,0,0,0,0,0,0,0,44,7,49,0,0,1,0,0,0,2,0,0,0,7,49,0,0,3,104,106,14.86,0.919,34,2,1,0,0,1,0,0,0,1,0,0,0,0,0,1,0,0,1,0,0,0,0,65,0
5,Rabbitohs,Tevita Tatola,10,Prop,44,0,0,0,0,0,0,0,0,36,13,135,0,48,0,0,0,0,0,13,12,3.4,0,0,0,0,0,1,14,0.08,0.9059999999999999,29,3,0,0,0,0,0,0,0,0,0,0,0,0,0,0,0,0,0,0,0,0,0,22,21
5,Rabbitohs,Jacob Host,11,2nd,69,0,0,0,0,0,0,0,0,48,8,99,11,43,0,0,0,0,0,7,8,4.12,0,0,0,0,0,0,8,0,0.975,39,0,1,0,0,0,0,0,0,0,0,0,0,0,0,0,0,0,1,0,0,0,0,68,0
5,Rabbitohs,Jaydn Su'A,12,2nd,80,0,0,0,0,0,0,0,0,36,12,129,0,42,0,0,0,0,1,11,8,4.42,0,0,0,2,0,6,17,0.5,0.885,23,3,0,0,0,0,0,0,0,0,0,0,0,0,0,0,0,0,0,0,0,0,0,80,0
5,Rabbitohs,Cameron Murray,13,Lock,60,0,0,0,0,0,0,0,0,50,13,125,0,48,0,0,0,0,1,11,12,3.16,0,0,0,0,1,8,20,0.62,0.8540000000000001,35,2,4,0,0,0,0,0,0,0,0,0,0,0,0,0,0,0,0,0,0,0,0,29,30
5,Rabbitohs,Dean Hawkins,14,Interchange,14,0,0,0,0,0,0,0,0,8,1,11,0,4,0,0,0,0,0,0,1,2.68,0,0,0,0,1,6,10,6,0.5710000000000001,4,1,2,0,0,3,104,0,2,0,0,0,0,0,0,0,0,0,0,0,0,0,0,14,0
5,Rabbitohs,Mark Nicholls,15,Interchange,44,0,0,0,0,0,0,0,0,44,16,146,0,48,0,0,0,0,0,16,16,4.26,0,0,0,0,3,1,17,0.06,0.914,32,1,2,0,0,0,0,0,0,0,0,0,0,0,0,0,0,0,0,0,0,0,0,32,11
5,Rabbitohs,Patrick Mago,16,Interchange,20,0,0,0,0,0,0,0,0,10,5,49,0,26,0,0,0,0,0,5,5,3.27,0,0,0,0,0,0,5,0,0.889,8,1,0,0,0,0,0,0,0,0,0,0,0,0,0,0,0,0,0,0,0,0,0,19,0
5,Rabbitohs,Jai Arrow,17,Interchange,36,0,0,0,0,0,0,0,0,31,11,97,0,38,0,0,0,0,0,11,9,3.16,0,0,0,1,1,3,15,0.27,0.96,24,1,0,0,0,0,0,0,0,0,0,0,0,0,1,1,0,0,0,0,0,0,0,35,0
5,Rabbitohs,Hame Sele,18,Reserve,0,0,0,0,0,0,0,0,0,0,0,0,0,0,0,0,0,0,0,0,0,0,0,0,0,0,0,0,0,0,0,0,0,0,0,0,0,0,0,0,0,0,0,0,0,0,0,0,0,0,0,0,0,0,0,0
5,Broncos,Jamayne Isaako,1,Fullback,80,6,1,1,1,0,1.0,0,0,41,20,131,74,23,1,0,0,0,3,0,17,3.81,0,0,0,1,1,6,28,0.3,0.5,2,2,0,0,6,2,20,0,1,1,0,0,0,0,0,0,0,1,0,0,0,0,0,80,0
5,Broncos,Xavier Coates,2,Winger,80,0,0,0,0,0,0,0,0,6,12,68,0,21,0,0,0,0,1,1,11,3.51,1,0,0,1,0,2,16,0.17,0.5,1,0,1,0,0,0,0,0,0,0,0,0,0,0,2,2,0,1,0,0,0,0,0,80,0
5,Broncos,Richard Kennar,3,Centre,80,0,0,0,0,0,0,0,0,18,8,60,0,15,0,0,0,0,0,0,8,3.51,0,0,0,0,0,4,11,0.5,0.759,22,5,2,0,0,0,0,0,0,0,0,0,0,0,0,0,0,0,0,0,0,0,0,80,0
5,Broncos,Tesi Niu,4,Centre,80,0,0,0,0,0,0,0,0,28,15,136,4,52,0,0,0,0,1,0,15,3.31,5,39,0,0,1,5,18,0.33,0.833,15,2,1,0,1,0,0,0,0,0,0,0,0,0,0,0,0,0,0,0,0,0,0,80,0
5,Broncos,David Mead,5,Winger,80,0,0,0,0,0,0,0,0,7,9,71,3,23,0,0,0,0,0,0,9,3.97,0,0,0,0,1,1,10,0.11,0.625,10,5,1,0,0,0,0,0,0,0,0,0,0,0,0,0,0,0,0,0,0,0,0,80,0
5,Broncos,Anthony Milford,6,Five-Eighth,80,0,0,0,0,0,0,0,0,55,6,46,0,8,0,0,0,0,4,0,3,3.11,0,0,0,2,0,20,37,3.33,0.76,19,5,1,0,0,11,418,1,2,1,0,0,1,1,0,0,0,0,0,0,0,0,0,80,0
5,Broncos,Tom Dearden,7,Halfback,70,0,0,0,0,0,0,0,0,41,9,87,0,9,1,0,0,0,4,0,3,3.49,1,5,0,0,1,27,35,3,0.87,20,3,0,0,1,3,128,0,0,0,0,0,0,0,3,3,0,1,1,0,0,0,0,70,0
5,Broncos,Matthew Lodge,8,Prop,46,0,0,0,0,0,0,0,0,46,16,154,31,45,0,0,0,0,2,13,12,2.94,0,0,0,2,0,4,19,0.25,0.9,27,2,1,0,0,0,0,0,0,0,0,0,0,0,0,0,0,1,0,0,0,0,0,28,16
5,Broncos,Jake Turpin,9,Hooker,80,0,0,0,0,0,0,0,0,56,4,29,0,4,0,0,0,0,0,0,3,3.59,4,29,0,0,0,89,94,22.25,0.9490000000000001,56,1,2,0,0,2,84,0,0,0,0,0,0,0,2,1,0,0,0,1,0,0,0,80,0
5,Broncos,Payne Haas,10,Prop,66,0,0,0,0,0,0,0,0,77,16,170,0,72,0,0,0,0,5,15,13,3.62,0,0,0,1,0,2,18,0.13,1.0,39,0,0,0,1,0,0,0,0,0,0,0,0,0,1,0,0,0,0,0,0,0,0,34,31
5,Broncos,Alex Glenn,11,2nd,80,0,0,0,0,0,0,0,0,46,7,63,0,23,0,0,0,0,1,6,6,3.41,0,0,0,0,0,5,11,0.71,0.935,43,3,0,0,0,0,0,0,0,0,0,0,0,0,0,0,0,0,0,0,0,0,0,80,0
5,Broncos,Jordan Riki,12,2nd,66,0,0,0,0,0,0,0,0,36,10,54,5,26,0,0,0,0,0,9,8,3.81,0,0,0,2,0,3,14,0.3,0.919,34,3,0,0,1,0,0,0,0,0,0,0,0,0,1,1,0,0,1,0,0,0,0,48,16
5,Broncos,Tevita Pangai Junior,13,Lock,42,0,0,0,0,0,0,0,0,36,10,113,0,56,0,0,0,0,1,10,7,4.09,0,0,0,3,0,0,10,0,0.88,22,2,1,0,0,0,0,0,0,0,0,0,0,0,0,0,0,1,0,1,0,0,0,23,18
5,Broncos,Brodie Croft,14,Interchange,10,0,0,0,0,0,0,0,0,-2,1,3,0,0,0,0,0,0,0,0,0,0,0,0,0,0,0,7,9,7,0,0,1,0,0,0,2,45,0,0,0,0,0,1,0,1,0,0,0,0,0,0,0,0,10,0
5,Broncos,Thomas Flegler,15,Interchange,34,0,0,0,0,0,0,0,0,33,10,84,0,33,0,0,0,0,0,10,8,3.84,0,0,0,1,0,1,11,0.1,1.0,23,0,0,0,0,0,0,0,0,0,0,0,0,0,1,1,0,1,0,0,0,0,0,34,0
5,Broncos,John Asiata,16,Interchange,28,0,0,0,0,0,0,0,0,29,5,41,0,11,0,0,0,0,1,3,3,3.6,0,0,0,0,0,5,8,1,0.9570000000000001,22,0,1,0,0,0,0,0,0,0,0,0,0,0,0,0,0,0,0,0,0,0,0,28,0
5,Broncos,Ben Te'o,17,Interchange,38,0,0,0,0,0,0,0,0,17,8,72,0,24,0,0,0,0,0,8,8,3.57,0,0,0,0,0,0,8,0,0.8,16,3,1,0,0,0,0,0,0,0,0,0,0,0,0,0,0,0,0,0,0,0,0,38,0
5,Broncos,Ethan Bullemor,18,Reserve,0,0,0,0,0,0,0,0,0,0,0,0,0,0,0,0,0,0,0,0,0,0,0,0,0,0,0,0,0,0,0,0,0,0,0,0,0,0,0,0,0,0,0,0,0,0,0,0,0,0,0,0,0,0,0,0
5,Warriors,Roger Tuivasa-Sheck,1,Fullback,80,0,0,0,0,0,0,0,0,68,30,259,70,65,0,1,0,0,6,0,27,4.05,2,17,0,2,4,16,49,0.53,0.889,8,1,0,0,2,0,0,0,0,0,0,0,0,0,1,1,0,0,0,0,0,0,0,80,0
5,Warriors,David Fusitu'a,2,Winger,76,0,0,0,0,0,0,0,0,25,18,153,21,55,0,0,0,0,0,0,16,3.63,0,0,0,0,0,5,23,0.28,1.0,7,0,0,0,1,0,0,0,0,0,0,0,0,0,1,0,0,0,0,0,0,0,0,76,0
5,Warriors,Adam Pompey,3,Centre,80,0,0,0,0,0,0,0,0,33,12,138,17,40,0,0,0,0,5,1,12,4.1,0,0,0,0,1,2,14,0.17,0.818,9,2,0,0,0,0,0,0,0,0,0,0,0,0,0,0,0,0,0,0,0,0,0,80,0
5,Warriors,Marcelo Montoya,4,Centre,59,0,0,0,0,0,0,0,0,28,12,96,0,35,0,0,0,0,4,0,9,3.46,0,0,0,1,1,3,15,0.25,0.813,13,2,1,0,0,0,0,0,0,0,0,0,0,0,2,2,1,0,0,0,0,0,0,59,0
5,Warriors,Ken Maumalo,5,Winger,80,4,1,0,0,0,0,0,0,30,21,194,58,65,0,0,0,0,1,0,19,3.65,0,0,0,1,1,1,24,0.05,0.667,2,1,0,0,2,0,0,0,0,0,0,0,0,0,2,3,0,0,0,0,0,0,0,80,0
5,Warriors,Kodi Nikorima,6,Five-Eighth,80,4,0,2,2,0,1.0,0,0,51,12,87,0,13,0,0,0,0,0,0,4,3.66,1,10,0,0,8,36,52,3,0.889,24,2,1,0,0,11,316,1,4,2,0,0,2,0,1,1,0,0,0,0,0,0,0,80,0
5,Warriors,Sean O'Sullivan,7,Halfback,80,4,1,0,0,0,0,0,0,73,15,120,0,20,1,0,0,0,4,0,10,4.39,1,11,0,1,9,58,79,3.87,0.885,23,3,0,0,0,8,285,1,0,1,0,0,0,0,1,1,0,0,2,0,0,0,0,80,0
5,Warriors,Leeson Ah Mau,8,Prop,51,0,0,0,0,0,0,0,0,39,8,78,0,39,0,0,0,0,0,8,8,3.8,0,0,0,0,0,0,8,0,0.903,28,0,3,0,0,0,0,0,0,0,0,0,0,0,0,0,0,0,0,0,0,0,0,26,25
5,Warriors,Wayde Egan,9,Hooker,80,0,0,0,0,0,0,0,0,49,6,38,0,9,0,0,0,0,0,0,1,2.96,6,38,0,0,5,122,126,20.33,0.958,46,1,1,0,0,2,9,1,0,2,0,0,0,0,0,0,0,0,0,0,0,0,0,80,0
5,Warriors,Tohu Harris,10,Prop,80,0,0,0,0,0,0,0,0,61,16,114,12,39,0,0,0,0,2,12,11,3.51,0,0,0,1,4,12,25,0.75,0.873,48,3,4,0,0,0,0,0,0,0,0,0,0,0,0,0,0,0,1,0,0,0,0,80,0
5,Warriors,Eliesa Katoa,11,2nd,34,0,0,0,0,0,0,0,0,33,6,47,0,24,0,0,0,0,0,6,5,4.54,0,0,0,1,0,1,7,0.17,0.9259999999999999,25,2,0,0,0,0,0,0,0,0,0,0,0,0,0,0,0,1,0,0,0,0,0,22,11
5,Warriors,Jack Murchie,12,2nd,80,0,0,0,0,0,0,0,0,53,10,106,0,35,1,0,1,0,0,9,7,3.84,0,0,0,1,0,1,11,0.1,0.93,40,2,1,0,0,0,0,0,0,0,0,0,0,0,2,2,0,0,0,0,0,0,0,80,0
5,Warriors,Jazz Tevaga,13,Lock,57,0,0,0,0,0,0,0,0,70,16,145,0,48,0,0,0,0,0,16,12,3.25,0,0,0,3,0,6,23,0.38,0.85,51,7,2,0,0,0,0,0,0,0,0,0,0,0,0,0,0,0,0,0,0,0,0,29,27
5,Warriors,Ben Murdoch-Masila,14,Interchange,46,0,0,0,0,0,0,0,0,27,9,76,0,38,0,0,0,0,0,9,9,3.78,0,0,0,0,1,0,9,0,1.0,16,0,0,0,0,0,0,0,0,0,0,0,0,0,0,0,0,0,0,0,0,0,0,46,0
5,Warriors,Tom Ale,15,Interchange,23,0,0,0,0,0,0,0,0,19,10,89,0,39,0,0,0,0,0,10,9,4.18,0,0,0,1,0,0,11,0,1.0,9,0,0,0,0,0,0,0,0,0,0,0,0,0,0,0,0,0,0,0,0,0,0,22,0
5,Warriors,Kane Evans,16,Interchange,32,0,0,0,0,0,0,0,0,27,9,104,70,27,0,0,0,0,1,5,6,3.85,0,0,0,2,0,1,11,0.11,0.9329999999999999,14,0,1,0,0,0,0,0,0,0,0,0,0,0,2,2,0,0,0,0,0,0,0,28,3
5,Warriors,Josh Curran,17,Reserve,0,0,0,0,0,0,0,0,0,0,0,0,0,0,0,0,0,0,0,0,0,0,0,0,0,0,0,0,0,0,0,0,0,0,0,0,0,0,0,0,0,0,0,0,0,0,0,0,0,0,0,0,0,0,0,0
5,Warriors,Paul Turner,20,Interchange,21,0,0,0,0,0,0,0,0,12,2,16,0,5,0,0,0,0,1,0,2,2.68,0,0,0,0,0,0,2,0,0.909,10,1,0,0,0,0,0,0,0,0,0,0,0,0,0,0,0,0,0,0,0,0,0,21,0
5,Sea Eagles,Dylan Walker,1,Fullback,55,0,0,0,0,0,0,0,0,14,8,74,3,18,0,0,0,0,2,0,7,3.39,1,20,0,0,2,14,24,1.75,0.5,1,1,0,0,4,0,0,0,0,0,0,0,0,0,1,1,0,0,0,0,0,0,0,54,0
5,Sea Eagles,Jason Saab,2,Winger,80,4,1,0,0,0,0,0,0,18,11,81,0,18,1,0,0,0,0,2,12,3.84,0,0,0,0,0,5,22,0.45,1.0,5,0,0,0,1,0,0,0,0,0,0,0,0,0,4,3,0,0,0,0,0,0,0,80,0
5,Sea Eagles,Brad Parker,3,Centre,80,0,0,0,0,0,0,0,0,25,14,100,0,40,0,0,0,0,2,0,14,3.61,0,0,0,0,0,0,13,0,0.7390000000000001,17,4,2,0,0,0,0,0,0,0,0,0,0,0,0,0,0,0,1,0,0,0,0,80,0
5,Sea Eagles,Morgan Harper,4,Centre,80,0,0,0,0,0,0,0,0,27,11,69,0,27,0,1,0,0,4,1,9,4.1,0,0,0,0,0,4,17,0.36,0.7390000000000001,17,5,1,1,0,1,0,0,0,1,0,0,0,0,2,2,0,0,0,0,0,0,0,80,0
5,Sea Eagles,Reuben Garrick,5,Winger,80,4,0,2,2,0,1.0,0,0,38,18,171,86,56,0,1,0,0,3,2,19,3.39,0,0,0,0,0,4,22,0.22,0.778,7,1,1,0,1,0,0,0,0,0,0,0,0,0,0,0,0,0,0,0,0,0,0,80,0
5,Sea Eagles,Kieran Foran,6,Five-Eighth,80,0,0,0,0,0,0,0,0,47,9,84,0,12,1,0,0,0,0,0,3,4.08,0,0,0,0,2,25,35,2.78,0.9640000000000001,27,0,1,0,0,6,173,1,1,1,0,0,1,0,1,1,0,0,0,0,0,0,0,80,0
5,Sea Eagles,Daly Cherry-Evans,7,Halfback,80,1,0,0,0,0,0,1,0,93,8,69,0,19,0,0,2,0,3,1,7,4.37,0,0,0,0,2,23,51,2.88,0.971,34,1,0,0,0,19,630,1,5,3,0,0,1,0,1,1,0,0,0,0,0,0,0,80,0
5,Sea Eagles,Taniela Paseka,8,Prop,42,0,0,0,0,0,0,0,0,56,12,119,20,45,0,1,0,0,2,11,7,3.96,0,0,0,4,0,0,12,0,0.9690000000000001,31,0,1,0,0,0,0,0,0,0,0,0,0,0,1,1,0,0,0,0,0,0,0,23,18
5,Sea Eagles,Lachlan Croker,9,Hooker,80,0,0,0,0,0,0,0,0,52,7,30,0,11,0,0,0,0,1,3,3,5.61,3,17,0,1,3,120,127,17.14,0.9790000000000001,46,1,0,0,2,1,58,0,0,0,0,0,0,0,2,3,0,0,0,0,0,0,0,80,0
5,Sea Eagles,Martin Taupau,10,Interchange,52,0,0,0,0,0,0,0,0,57,17,145,0,59,0,0,0,0,2,16,14,3.37,0,0,0,2,0,2,18,0.12,0.897,35,1,3,0,0,0,0,0,0,0,0,0,0,0,0,0,0,0,1,0,0,0,0,37,14
5,Sea Eagles,Jack Gosiewski,11,2nd,16,0,0,0,0,0,0,0,0,15,3,21,0,3,0,0,0,0,0,2,2,4.52,0,0,0,0,0,1,3,0.33,1.0,13,0,0,0,0,0,0,0,0,0,0,0,0,0,0,0,0,0,0,0,0,0,0,16,0
5,Sea Eagles,Josh Schuster,12,2nd,80,4,1,0,0,0,0,0,0,69,12,91,0,29,0,0,0,0,4,10,7,4.32,0,0,1,1,0,9,20,0.75,0.9440000000000001,34,1,1,0,0,0,0,0,0,0,0,0,0,0,1,1,0,0,0,0,0,0,0,80,0
5,Sea Eagles,Jake Trbojevic,13,Lock,80,0,0,0,0,0,0,0,0,55,15,121,0,41,0,0,0,0,1,13,11,2.69,0,0,0,0,1,12,26,0.8,0.941,48,2,1,0,0,1,9,0,0,0,0,0,1,0,2,2,0,0,0,2,0,0,0,80,0
5,Sea Eagles,Toafofoa Sipley,15,Interchange,18,0,0,0,0,0,0,0,0,24,9,101,38,32,0,0,0,0,2,7,9,3.27,0,0,0,0,0,1,10,0.11,0.727,8,2,1,0,0,0,0,0,0,0,0,0,0,0,0,0,0,0,0,0,0,0,0,13,4
5,Sea Eagles,Sean Keppie,16,Interchange,52,0,0,0,0,0,0,0,0,20,10,68,7,22,0,0,0,0,0,9,9,4s,0,0,0,1,0,1,11,0.1,0.706,24,4,6,0,0,0,0,0,0,0,0,0,0,0,0,0,0,2,0,0,0,0,0,51,0
5,Sea Eagles,Josh Aloiai,17,Prop,61,0,0,0,0,0,0,0,0,52,16,160,19,65,0,0,0,0,0,15,15,3.4,0,0,0,0,0,2,18,0.13,0.872,34,1,4,0,0,0,0,0,0,0,0,0,0,0,0,0,0,0,0,0,0,0,0,33,26
5,Sea Eagles,Tevita Funa,18,Interchange,25,0,0,0,0,0,0,0,0,17,8,87,16,32,1,0,0,0,1,1,7,3.03,0,0,0,0,0,2,12,0.25,0.5,1,0,1,0,3,0,0,0,0,0,0,0,0,0,1,1,0,0,0,0,0,0,0,25,0
5,Sea Eagles,Zac Saddler,19,Reserve,0,0,0,0,0,0,0,0,0,0,0,0,0,0,0,0,0,0,0,0,0,0,0,0,0,0,0,0,0,0,0,0,0,0,0,0,0,0,0,0,0,0,0,0,0,0,0,0,0,0,0,0,0,0,0,0
5,Panthers,Stephen Crichton,1,Fullback,80,0,0,0,0,0,0,0,0,30,14,125,85,30,0,1,1,0,4,0,14,5.51,0,0,0,0,1,10,26,0.71,0.5,2,2,0,0,5,0,0,0,0,0,0,0,0,0,2,2,0,0,0,0,0,0,0,80,0
5,Panthers,Charlie Staines,2,Winger,80,8,2,0,0,0,0,0,0,41,10,104,19,17,2,0,0,0,1,0,6,3.13,0,0,0,1,0,8,19,0.8,0.667,2,0,1,0,0,1,12,0,0,1,0,0,0,0,2,1,0,0,0,0,0,0,0,80,0
5,Panthers,Paul Momirovski,3,Centre,80,0,0,0,0,0,0,0,0,49,18,149,19,28,0,1,1,0,6,0,13,3.86,0,0,0,1,0,4,23,0.22,0.846,11,2,0,0,1,0,0,0,0,0,0,0,0,0,4,4,1,0,0,0,0,0,0,80,0
5,Panthers,Matt Burton,4,Centre,80,4,1,0,0,0,0,0,0,37,15,135,0,35,1,0,0,0,1,0,12,3.65,0,0,0,0,0,5,19,0.33,0.85,17,3,0,0,0,0,0,0,0,0,0,0,0,0,1,1,0,0,0,0,0,0,0,80,0
5,Panthers,Brian To'o,5,Winger,80,0,0,0,0,0,0,0,0,52,22,254,16,81,1,0,0,0,6,0,19,3.3,0,0,0,2,0,0,18,0,0.5,1,0,1,0,0,0,0,0,0,0,0,0,0,0,0,0,0,0,0,0,0,0,0,80,0
5,Panthers,Jarome Luai,6,Five-Eighth,80,4,1,0,0,0,0,0,0,61,7,43,0,1,0,1,1,0,2,0,1,2.6,0,0,0,1,1,41,48,5.86,0.935,29,1,1,0,0,4,110,1,0,2,0,0,0,0,0,0,0,0,0,0,0,0,0,80,0
5,Panthers,Nathan Cleary,7,Halfback,80,14,1,5,5,0,1.0,0,0,93,13,150,0,18,0,0,0,0,2,0,6,3.52,0,0,0,0,10,49,71,3.77,0.708,17,3,4,1,2,15,547,2,3,0,0,0,1,1,1,0,0,0,0,0,0,0,0,80,0
5,Panthers,Moses Leota,8,Prop,19,0,0,0,0,0,0,0,0,17,5,42,0,16,0,0,0,0,0,4,4,4.29,0,0,0,0,0,1,6,0.2,0.938,15,0,1,0,0,0,0,0,0,0,0,0,0,0,1,1,0,0,0,1,0,0,0,19,0
5,Panthers,Mitch Kenny,9,Hooker,80,0,0,0,0,0,0,0,0,50,3,28,0,6,0,0,0,0,1,0,1,2.96,3,28,0,0,3,107,109,35.67,0.875,49,2,5,0,0,0,0,0,0,0,0,0,0,0,0,0,0,0,0,0,0,0,0,80,0
5,Panthers,James Fisher-Harris,10,Prop,51,0,0,0,0,0,0,0,0,57,18,168,0,57,0,0,0,0,6,17,13,3.02,0,0,0,2,1,5,22,0.28,0.893,25,2,1,0,0,0,0,0,0,0,0,0,0,0,1,1,0,0,0,0,0,0,0,27,23
5,Panthers,Viliame Kikau,11,2nd,58,0,0,0,0,0,0,0,0,31,6,90,0,33,1,0,0,0,2,6,6,4.47,0,0,0,0,0,0,8,0,0.8390000000000001,26,5,0,0,0,1,13,0,0,1,0,0,0,0,1,1,0,1,1,0,0,0,0,58,0
5,Panthers,Kurt Capewell,12,2nd,70,0,0,0,0,0,0,0,0,32,7,60,0,23,0,1,0,0,1,7,5,3.1,0,0,0,1,0,1,10,0.14,0.8,28,4,3,0,0,1,21,0,0,0,0,0,0,0,2,1,0,1,0,0,0,0,0,70,0
5,Panthers,Isaah Yeo,13,Lock,62,0,0,0,0,0,0,0,0,45,11,96,0,31,0,0,0,0,0,10,10,3.56,0,0,0,0,1,9,20,0.82,0.95,38,0,2,0,0,0,0,0,0,0,0,0,0,0,1,1,0,0,0,0,0,0,0,51,9
5,Panthers,Tyrone May,14,Interchange,32,0,0,0,0,0,0,0,0,22,1,12,0,6,0,0,0,0,0,1,1,3.12,0,0,0,0,0,7,8,7,0.9129999999999999,21,0,2,0,0,0,0,0,0,0,0,0,0,0,0,0,0,0,1,0,0,0,0,32,0
5,Panthers,Spencer Leniu,15,Interchange,25,0,0,0,0,0,0,0,0,44,14,200,52,41,1,0,0,0,4,11,11,3.73,0,0,0,0,0,1,15,0.07,0.833,10,0,2,0,0,0,0,0,0,0,0,0,0,0,1,0,0,0,0,0,0,0,0,20,4
5,Panthers,Matthew Eisenhuth,16,Interchange,32,0,0,0,0,0,0,0,0,28,9,83,0,24,0,0,0,0,0,9,8,4.06,0,0,0,1,0,1,10,0.11,0.9520000000000001,20,1,0,0,0,0,0,0,0,0,0,0,0,0,0,0,0,0,0,0,0,0,0,32,0
5,Panthers,Liam Martin,17,Interchange,51,0,0,0,0,0,0,0,0,27,12,127,43,36,0,0,0,0,1,8,11,3.52,0,0,0,0,0,1,13,0.08,0.7829999999999999,18,3,2,0,0,0,0,0,0,0,0,0,0,0,0,0,0,0,0,0,0,0,0,29,21
5,Panthers,Jaeman Salmon,21,Reserve,0,0,0,0,0,0,0,0,0,0,0,0,0,0,0,0,0,0,0,0,0,0,0,0,0,0,0,0,0,0,0,0,0,0,0,0,0,0,0,0,0,0,0,0,0,0,0,0,0,0,0,0,0,0,0,0
5,Raiders,Charnze Nicoll-Klokstad,1,Fullback,23,0,0,0,0,0,0,0,0,5,5,40,6,9,0,0,0,0,0,0,4,3.12,0,0,0,0,0,6,11,1.2,1.0,1,0,0,0,0,0,0,0,0,0,0,0,0,0,0,0,0,0,0,0,0,0,0,23,0
5,Raiders,Bailey Simonsson,2,Winger,80,0,0,0,0,0,0,0,0,25,16,143,37,34,0,0,0,0,2,0,16,3.71,1,6,0,0,0,2,18,0.13,0.833,5,0,1,0,0,0,0,0,0,0,0,0,0,0,0,0,0,0,0,0,0,0,0,80,0
5,Raiders,Jarrod Croker,3,Centre,80,6,1,1,2,0,0.5,0,0,34,12,89,22,14,1,0,0,0,1,0,9,4.09,0,0,0,1,0,2,17,0.17,0.8,8,1,1,0,1,1,0,0,0,1,0,0,0,0,2,2,0,0,0,0,0,0,0,80,0
5,Raiders,Sebastian Kris,4,Centre,80,0,0,0,0,0,0,0,0,41,12,121,0,52,0,0,0,0,4,0,11,3.19,3,26,0,0,0,4,15,0.33,0.81,17,2,2,0,0,0,0,0,0,0,0,0,0,0,0,0,0,0,0,0,0,0,0,80,0
5,Raiders,Jordan Rapana,5,Winger,80,0,0,0,0,0,0,0,0,25,20,146,56,28,0,0,0,0,2,0,18,4.07,0,0,0,2,0,5,32,0.25,0.8,4,1,0,0,4,3,66,0,0,2,0,0,0,0,4,4,0,0,1,0,0,0,0,80,0
5,Raiders,Jack Wighton,6,Five-Eighth,80,4,1,0,0,0,0,0,0,77,10,87,0,8,1,0,0,0,4,0,4,2.75,0,0,0,1,1,24,36,2.4,0.848,28,4,1,0,0,6,230,0,0,1,0,0,0,0,0,0,0,0,1,0,0,0,0,80,0
5,Raiders,George Williams,7,Halfback,80,0,0,0,0,0,0,0,0,43,8,47,0,8,0,1,1,0,2,0,4,5.68,0,0,0,1,1,36,51,4.5,0.857,18,1,2,0,0,9,206,1,2,1,0,0,2,0,2,2,0,0,0,0,0,0,0,80,0
5,Raiders,Josh Papalii,8,Prop,55,0,0,0,0,0,0,0,0,54,15,120,18,31,0,0,0,0,2,13,11,3.62,0,0,0,4,0,1,16,0.07,1.0,28,0,0,0,0,0,0,0,0,0,0,0,0,0,0,0,0,0,0,0,0,0,0,28,26
5,Raiders,Josh Hodgson,9,Hooker,65,0,0,0,0,0,0,0,0,36,3,26,0,2,0,0,0,0,2,1,1,3.8,2,19,0,1,2,89,93,29.67,0.833,35,4,3,0,0,2,64,0,0,0,0,0,0,0,1,1,0,1,1,0,0,0,0,64,0
5,Raiders,Ryan Sutton,10,Interchange,47,0,0,0,0,0,0,0,0,51,13,95,0,27,0,0,0,0,1,12,12,3.27,0,0,1,0,2,3,15,0.23,0.9670000000000001,29,1,0,0,0,0,0,0,0,0,0,0,0,0,0,0,0,0,1,0,0,0,0,42,4
5,Raiders,Hudson Young,11,2nd,80,0,0,0,0,0,0,0,0,52,16,147,0,33,1,0,0,0,4,15,15,3.47,1,10,0,1,0,0,17,0,0.857,36,5,1,0,0,0,0,0,0,0,0,0,0,0,2,0,0,3,0,0,0,0,0,80,0
5,Raiders,Elliott Whitehead,12,2nd,80,0,0,0,0,0,0,0,0,32,5,39,0,16,0,1,1,0,0,3,2,3.54,0,0,0,1,0,3,8,0.6,0.815,22,3,2,0,0,0,0,0,0,0,0,0,0,0,2,1,0,0,0,0,0,0,0,80,0
5,Raiders,Joseph Tapine,13,Interchange,41,0,0,0,0,0,0,0,0,29,7,63,0,18,0,0,0,0,0,7,5,3.32,0,0,0,2,0,1,8,0.14,0.871,27,4,0,0,0,0,0,0,0,0,0,0,0,0,0,0,0,0,0,0,0,0,0,24,15
5,Raiders,Tom Starling,14,Interchange,29,0,0,0,0,0,0,0,0,16,2,23,0,0,0,0,0,0,2,2,1,2.36,0,0,0,0,0,36,38,18,0.789,15,3,1,0,1,0,0,0,0,0,0,0,0,0,0,1,0,1,0,0,0,0,0,29,0
5,Raiders,Siliva Havili,15,Interchange,57,0,0,0,0,0,0,0,0,28,4,31,0,13,0,0,0,0,1,4,4,3.09,0,0,0,0,0,0,4,0,0.848,28,5,0,0,0,0,0,0,0,0,0,0,0,0,0,0,0,0,0,1,0,0,0,57,0
5,Raiders,Iosia Soliola,16,Prop,37,0,0,0,0,0,0,0,0,31,12,88,0,24,0,0,0,0,0,12,12,3.71,0,0,0,0,0,0,12,0,0.958,23,0,1,0,0,0,0,0,0,0,0,0,0,0,0,0,0,0,0,0,0,0,0,22,14
5,Raiders,Ryan James,17,Lock,47,0,0,0,0,0,0,0,0,33,10,82,0,28,0,0,0,0,1,10,10,2.66,0,0,0,0,0,1,11,0.1,0.833,30,3,3,0,0,0,0,0,0,0,0,0,0,0,0,0,0,1,1,0,0,0,0,8,26
5,Raiders,Corey Harawira-Naera,21,Reserve,0,0,0,0,0,0,0,0,0,0,0,0,0,0,0,0,0,0,0,0,0,0,0,0,0,0,0,0,0,0,0,0,0,0,0,0,0,0,0,0,0,0,0,0,0,0,0,0,0,0,0,0,0,0,0,0
5,Titans,Alexander Brimson,1,Fullback,80,0,0,0,0,0,0,0,0,49,18,220,58,33,1,0,1,0,3,0,16,4.26,1,6,0,0,2,10,27,0.56,0.625,5,3,0,0,1,1,15,0,0,1,0,0,0,1,0,0,0,0,0,0,0,0,0,80,0
5,Titans,Phillip Sami,2,Winger,7,0,0,0,0,0,0,0,0,2,2,22,22,4,0,0,0,0,0,0,1,2.6,0,0,0,0,0,0,2,0,0,0,0,0,0,0,0,0,0,0,0,0,0,0,0,0,0,0,0,0,0,0,0,0,6,0
5,Titans,Brian Kelly,3,Centre,80,0,0,0,0,0,0,0,0,48,11,126,0,52,0,1,2,0,1,0,6,3.79,1,12,0,3,0,6,15,0.55,0.875,14,2,0,0,0,1,8,0,0,1,0,0,0,0,2,2,0,0,0,0,0,0,0,80,0
5,Titans,Patrick Herbert,4,Centre,70,8,2,0,0,0,0,0,0,52,15,132,3,35,1,0,0,0,5,0,11,3.19,0,0,0,1,3,3,18,0.2,0.667,6,2,1,0,2,0,0,0,0,0,0,0,0,0,0,0,0,1,0,0,0,1,0,70,0
5,Titans,Corey Thompson,5,Winger,80,8,2,0,0,0,0,0,0,59,17,228,23,44,2,0,0,0,4,0,14,4.31,0,0,0,0,0,6,24,0.35,0.75,3,1,0,0,0,1,16,0,0,1,0,0,0,1,0,0,0,0,0,0,0,0,0,80,0
5,Titans,Jamal Fogarty,7,Halfback,70,10,0,5,8,0,0.625,0,0,66,10,44,0,3,0,1,1,0,1,0,2,4.92,0,0,0,0,0,30,45,3,0.889,16,0,2,1,0,13,442,0,6,0,0,0,1,0,0,0,0,0,0,0,0,0,0,69,0
5,Titans,Jarrod Wallace,8,Prop,47,0,0,0,0,0,0,0,0,39,18,137,30,36,0,3,0,0,0,9,9,3.74,0,0,0,1,0,9,19,0.5,0.9520000000000001,20,1,0,0,0,0,0,0,0,0,0,0,0,0,0,0,0,0,1,0,0,0,0,25,21
5,Titans,Mitch Rein,9,Hooker,55,0,0,0,0,0,0,0,0,47,7,64,0,19,0,0,0,0,1,3,4,3.16,4,33,0,0,5,68,74,9.71,0.9740000000000001,37,0,1,0,0,1,32,0,0,0,0,0,0,0,0,0,0,0,0,0,0,0,0,45,10
5,Titans,Tino Fa'asuamaleaui,10,Prop,65,0,0,0,0,0,0,0,0,22,12,103,0,54,0,0,0,0,1,11,11,3.07,1,11,0,0,0,1,13,0.08,0.792,19,4,1,0,0,0,0,0,0,0,0,0,0,0,1,1,0,0,0,0,0,0,0,57,8
5,Titans,Kevin Proctor,11,2nd,80,4,1,0,0,0,0,0,0,46,4,31,0,10,1,0,0,0,0,3,4,3.26,0,0,0,0,0,3,9,0.75,0.966,28,0,1,0,1,0,0,0,0,0,0,0,0,0,1,1,0,0,0,0,0,0,0,80,0
5,Titans,David Fifita,12,2nd,80,12,3,0,0,0,0,0,0,104,12,168,0,41,3,0,0,0,8,12,8,4.13,0,0,0,2,2,2,15,0.17,0.867,26,3,1,0,0,1,6,0,0,1,0,0,0,0,0,0,0,0,0,0,0,0,0,80,0
5,Titans,Tyrone Peachey,13,Lock,80,0,0,0,0,0,0,0,0,69,22,192,33,42,0,1,1,0,5,10,15,3.72,3,25,0,1,4,11,29,0.5,0.88,22,1,2,0,1,2,26,2,0,2,0,0,0,0,0,0,0,0,1,0,0,0,0,80,0
5,Titans,Moeaki Fotuaika,14,Interchange,48,0,0,0,0,0,0,0,0,29,14,149,14,58,0,0,0,0,1,13,12,3.39,0,0,0,1,0,0,15,0,0.909,20,2,0,0,0,0,0,0,0,0,0,0,0,0,2,2,0,1,0,0,0,0,0,24,22
5,Titans,Sam Lisone,15,Interchange,33,0,0,0,0,0,0,0,0,22,9,72,11,20,0,0,0,0,0,5,5,3.64,0,0,0,1,1,3,9,0.33,0.895,17,1,1,0,0,0,0,0,0,0,0,0,0,0,0,0,0,1,0,0,0,0,0,21,12
5,Titans,Jaimin Jolliffe,16,Interchange,40,0,0,0,0,0,0,0,0,32,10,100,33,30,0,0,0,0,0,6,9,2.85,0,0,0,0,0,1,10,0.1,0.96,24,1,0,0,0,0,0,0,0,0,0,0,0,0,0,0,0,0,0,0,0,0,0,40,0
5,Titans,Erin Clark,17,Interchange,35,0,0,0,0,0,0,0,0,24,4,42,0,10,0,0,0,0,0,1,3,3.27,3,31,0,0,0,31,35,7.75,1.0,18,0,0,0,0,0,0,0,0,0,0,0,0,0,1,1,0,0,0,0,0,0,0,35,0
5,Titans,Beau Fermor,18,Reserve,0,0,0,0,0,0,0,0,0,0,0,0,0,0,0,0,0,0,0,0,0,0,0,0,0,0,0,0,0,0,0,0,0,0,0,0,0,0,0,0,0,0,0,0,0,0,0,0,0,0,0,0,0,0,0,0
5,Titans,Ashley Taylor,21,Five-Eighth,80,0,0,0,0,0,0,0,0,15,11,69,0,9,0,1,1,0,0,0,3,4.79,1,7,0,0,4,37,44,3.36,0.778,14,3,1,0,0,2,2,0,0,1,0,0,0,0,2,3,0,1,1,0,0,0,0,80,0
5,Knights,Kalyn Ponga,1,Fullback,80,8,1,2,3,0,0.6667000000000001,0,0,60,15,180,48,25,1,0,0,0,5,0,8,4.26,0,0,0,2,2,23,36,1.53,0.727,8,3,0,0,2,3,71,0,1,1,0,0,0,0,1,1,0,1,0,0,0,0,0,80,0
5,Knights,Starford To'a,2,Winger,80,4,1,0,0,0,0,0,0,25,10,75,0,21,1,1,0,0,2,0,7,3.76,0,0,0,0,0,3,12,0.3,0.429,3,3,1,0,1,0,0,0,0,0,0,0,0,0,0,0,0,0,0,0,0,0,0,80,0
5,Knights,Enari Tuala,3,Centre,80,0,0,0,0,0,0,0,0,39,9,80,0,27,1,0,0,0,4,0,6,3.29,1,6,0,1,0,3,13,0.33,0.895,17,1,1,0,0,0,0,0,0,0,0,0,0,0,1,1,0,0,0,0,0,0,0,80,0
5,Knights,Gehamat Shibasaki,4,Centre,80,0,0,0,0,0,0,0,0,15,7,68,0,17,1,0,0,0,0,0,8,4.3,1,3,0,0,0,4,12,0.57,0.706,12,2,3,0,1,0,0,0,0,0,0,0,0,0,1,1,0,1,0,0,0,0,0,80,0
5,Knights,Hymel Hunt,5,Winger,80,0,0,0,0,0,0,0,0,34,14,169,87,40,1,0,0,0,3,0,10,3.45,0,0,0,3,0,0,15,0,0.667,6,3,0,0,1,0,0,0,0,0,0,0,0,0,1,1,0,0,0,0,0,0,0,80,0
5,Knights,Connor Watson,6,Five-Eighth,80,0,0,0,0,0,0,0,0,37,10,86,10,34,0,1,1,0,2,1,9,3.35,1,6,0,0,4,5,16,0.5,0.862,25,4,0,0,1,0,0,0,0,0,0,0,0,0,0,0,0,1,0,0,0,0,0,80,0
5,Knights,Blake Green,7,Halfback,80,0,0,0,0,0,0,0,0,36,0,0,0,0,0,0,0,0,0,0,0,0,0,0,0,0,2,32,41,0,0.821,23,4,1,0,0,9,302,1,2,2,0,0,1,0,0,0,0,0,0,0,0,0,0,80,0
5,Knights,David Klemmer,8,Prop,61,0,0,0,0,0,0,0,0,35,13,139,18,49,0,0,0,0,0,12,13,3.69,0,0,0,0,0,2,15,0.15,0.9570000000000001,22,0,1,0,0,0,0,0,0,0,0,0,0,0,0,0,0,0,0,0,0,0,0,28,31
5,Knights,Jayden Brailey,9,Hooker,80,0,0,0,0,0,0,0,0,58,5,30,0,8,0,1,1,0,0,0,3,3.47,5,30,0,1,3,92,94,18.4,0.9620000000000001,50,2,0,0,0,0,0,0,0,0,0,0,0,0,0,0,0,0,1,0,0,0,0,80,0
5,Knights,Daniel Saifiti,10,Prop,52,0,0,0,0,0,0,0,0,33,9,79,14,29,0,0,0,0,0,8,7,3.19,0,0,0,0,0,0,10,0,0.97,32,0,1,0,0,0,0,0,0,0,0,0,0,0,3,2,0,0,0,0,0,0,0,33,19
5,Knights,Tyson Frizell,11,2nd,70,0,0,0,0,0,0,0,0,40,8,75,0,18,0,0,0,0,4,8,8,3.57,0,0,0,0,0,0,8,0,0.879,29,3,1,0,0,0,0,0,0,0,0,0,0,0,0,0,0,1,0,0,1,0,0,69,0
5,Knights,Mitchell Barnett,12,2nd,80,0,0,0,0,0,0,0,0,38,14,117,0,45,0,1,0,0,0,12,9,3.44,0,0,0,2,0,7,20,0.5,0.816,31,4,3,0,1,2,28,0,0,1,0,0,0,0,2,2,0,0,0,0,0,0,0,80,0
5,Knights,Sauaso Sue,13,Interchange,38,0,0,0,0,0,0,0,0,24,6,65,16,21,0,0,0,0,0,5,5,3.5,0,0,0,0,0,2,8,0.33,0.9,18,0,2,0,0,0,0,0,0,0,0,0,0,0,0,0,0,0,0,0,0,0,0,25,12
5,Knights,Chris Randall,14,Lock,18,4,1,0,0,0,0,0,0,33,1,5,0,0,1,0,0,0,2,1,0,0,0,0,0,0,0,3,4,3,1.0,11,0,0,0,0,0,0,0,0,0,0,0,0,0,0,0,0,0,0,0,0,0,0,18,0
5,Knights,Pasami Saulo,15,Interchange,22,0,0,0,0,0,0,0,0,14,6,52,0,19,0,0,0,0,0,6,6,3.89,0,0,0,0,1,0,7,0,1.0,11,0,0,0,0,0,0,0,0,0,0,0,0,0,1,1,0,0,0,0,0,0,0,11,10
5,Knights,Josh King,16,Interchange,27,0,0,0,0,0,0,0,0,29,9,84,15,37,0,0,0,0,1,8,9,3.88,0,0,0,0,0,0,9,0,0.9,18,0,2,0,0,0,0,0,0,0,0,0,0,0,0,0,0,0,0,0,0,0,0,19,7
5,Knights,Brodie Jones,17,Interchange,33,0,0,0,0,0,0,0,0,33,7,80,0,25,0,0,1,0,1,6,5,2.79,0,0,0,1,0,3,9,0.43,0.895,17,1,1,0,0,0,0,0,0,0,0,0,0,0,0,0,0,0,0,0,0,0,0,19,12
5,Knights,Simi Sasagi,20,Reserve,0,0,0,0,0,0,0,0,0,0,0,0,0,0,0,0,0,0,0,0,0,0,0,0,0,0,0,0,0,0,0,0,0,0,0,0,0,0,0,0,0,0,0,0,0,0,0,0,0,0,0,0,0,0,0,0
5,Bulldogs,Dallin Watene-Zelezniak,1,Fullback,80,4,1,0,0,0,0,0,0,53,24,205,35,73,0,0,0,0,6,0,18,4.15,0,0,0,2,1,12,34,0.5,0.75,6,2,0,0,5,0,0,0,0,0,0,0,0,0,1,1,1,1,0,1,0,0,0,80,0
5,Bulldogs,Nick Cotric,2,Winger,80,0,0,0,0,0,0,0,0,19,9,64,0,22,0,0,0,0,4,0,8,3.52,1,6,0,1,0,5,14,0.56,0.6,3,2,0,0,0,0,0,0,0,0,0,0,0,0,0,0,0,0,0,0,0,0,0,80,0
5,Bulldogs,Will Hopoate,3,Centre,80,0,0,0,0,0,0,0,0,32,15,94,0,38,0,0,0,0,0,0,13,3.59,1,4,0,0,0,6,20,0.4,1.0,18,0,0,0,0,0,0,0,0,0,0,0,0,0,0,0,0,0,0,0,0,0,0,80,0
5,Bulldogs,Corey Allan,4,Centre,80,0,0,0,0,0,0,0,0,24,14,96,2,45,0,1,0,0,1,0,12,3.79,0,0,0,1,0,6,19,0.43,0.647,11,4,2,0,1,0,0,0,0,0,0,0,0,0,0,0,0,0,0,0,0,0,0,80,0
5,Bulldogs,Tuipulotu Katoa,5,Winger,80,0,0,0,0,0,0,0,0,27,14,117,0,38,1,0,0,0,4,0,11,3.55,0,0,0,1,0,2,17,0.14,0.75,6,2,0,0,0,0,0,0,0,0,0,0,0,0,2,0,0,0,1,0,0,0,0,80,0
5,Bulldogs,Jake Averillo,6,Five-Eighth,80,4,1,0,0,0,0,0,0,63,7,88,6,29,2,0,1,0,2,0,4,3.52,1,10,0,1,1,26,36,3.71,0.8420000000000001,16,0,3,0,0,5,166,0,0,0,1,0,1,0,1,0,0,0,0,1,0,0,0,80,0
5,Bulldogs,Kyle Flanagan,7,Halfback,80,6,0,3,3,0,1.0,0,0,62,2,0,0,0,0,1,1,0,0,0,0,0,0,0,0,0,2,58,67,29,0.938,30,2,0,0,0,12,432,1,2,0,0,0,2,0,0,0,0,0,0,0,0,0,0,80,0
5,Bulldogs,Luke Thompson,8,Interchange,50,4,1,0,0,0,0,0,0,60,16,140,15,56,1,0,0,0,3,14,12,3.21,1,4,0,1,1,1,17,0.06,0.92,23,0,2,0,0,0,0,0,0,0,0,0,0,0,0,0,0,0,0,0,0,0,0,42,7
5,Bulldogs,Sione Katoa,9,Hooker,45,0,0,0,0,0,0,0,0,29,2,24,0,11,0,0,0,0,0,0,1,5.24,2,24,0,0,1,51,56,25.5,0.9059999999999999,29,2,1,0,0,1,57,0,0,0,0,0,0,0,0,0,0,0,1,0,0,0,0,45,0
5,Bulldogs,Jack Hetherington,10,Prop,46,0,0,0,0,0,0,0,0,21,10,71,0,29,0,0,0,0,0,10,7,3.66,0,0,0,2,0,3,14,0.3,0.857,18,2,1,0,0,0,0,0,0,0,0,0,0,0,1,1,0,1,0,0,0,0,0,26,20
5,Bulldogs,Adam Elliott,11,2nd,80,0,0,0,0,0,0,0,0,55,10,85,0,44,0,1,1,0,1,8,6,2.75,0,0,0,3,0,6,16,0.6,0.9059999999999999,29,3,0,0,0,1,9,0,0,1,0,0,0,0,0,0,0,0,1,0,0,0,0,80,0
5,Bulldogs,Corey Waddell,12,2nd,71,0,0,0,0,0,0,0,0,48,10,84,0,34,0,0,0,0,3,10,10,3.81,0,0,0,0,0,3,13,0.3,0.841,37,3,4,0,0,0,0,0,0,0,0,0,0,0,0,0,0,0,0,0,0,0,0,70,0
5,Bulldogs,Josh Jackson,13,Lock,63,0,0,0,0,0,0,0,0,40,12,88,0,29,0,0,0,0,1,11,9,3.57,0,0,0,1,3,18,29,1.5,0.912,31,2,1,0,0,0,0,0,0,0,0,0,0,0,0,0,0,0,0,1,0,0,0,62,0
5,Bulldogs,Jackson Topine,14,Interchange,35,0,0,0,0,0,0,0,0,30,5,41,0,14,0,0,0,0,1,3,5,2.94,2,16,1,0,0,44,49,8.8,0.875,21,2,1,0,0,0,0,0,0,0,0,0,0,0,1,0,0,0,0,0,0,0,0,35,0
5,Bulldogs,Renouf Atoni,15,Interchange,24,0,0,0,0,0,0,0,0,15,6,56,14,21,0,0,0,0,1,5,5,2.85,0,0,0,1,0,2,8,0.33,0.625,5,0,3,0,0,0,0,0,0,0,0,0,0,0,0,0,0,0,0,0,0,0,0,24,0
5,Bulldogs,Dylan Napa,16,Prop,34,0,0,0,0,0,0,0,0,23,5,45,0,16,0,0,0,0,0,5,5,4.14,0,0,0,0,0,0,5,0,1.0,19,0,0,0,0,0,0,0,0,0,0,0,0,0,0,0,0,0,0,0,0,0,0,17,17
5,Bulldogs,Ofahiki Ogden,17,Interchange,22,0,0,0,0,0,0,0,0,13,9,75,13,35,0,0,0,0,1,8,9,3.17,0,0,0,0,0,1,10,0.11,0.909,10,1,0,0,0,0,0,0,0,0,0,0,0,0,0,0,0,0,0,0,0,1,0,30,1
5,Bulldogs,Brandon Wakeham,19,Reserve,0,0,0,0,0,0,0,0,0,0,0,0,0,0,0,0,0,0,0,0,0,0,0,0,0,0,0,0,0,0,0,0,0,0,0,0,0,0,0,0,0,0,0,0,0,0,0,0,0,0,0,0,0,0,0,0
5,Storm,Ryan Papenhuyzen,1,Fullback,80,20,1,8,9,0,0.8889,0,0,70,17,198,42,37,2,0,1,0,3,0,12,3.78,3,27,0,0,9,29,45,1.71,0.778,7,1,1,0,1,1,21,0,0,0,0,0,0,0,2,2,0,1,0,0,0,0,0,80,0
5,Storm,George Jennings,2,Winger,80,4,1,0,0,0,0,0,0,72,27,285,72,91,3,0,1,0,5,0,22,3.32,2,21,0,0,1,0,27,0,1.0,5,0,0,0,0,1,30,0,0,0,0,0,0,0,1,1,1,0,0,0,0,0,0,80,0
5,Storm,Reimis Smith,3,Centre,80,0,0,0,0,0,0,0,0,46,13,120,0,42,0,3,0,0,2,0,9,3.39,0,0,0,2,0,7,18,0.54,0.867,13,0,2,0,0,0,0,0,0,0,0,0,0,0,2,2,0,0,0,0,0,0,0,80,0
5,Storm,Justin Olam,4,Centre,80,4,1,0,0,0,0,0,0,43,10,111,0,49,0,0,0,0,1,0,10,5.34,0,0,1,0,0,1,12,0.1,0.9440000000000001,17,1,0,0,0,0,0,0,0,0,0,0,0,0,0,0,0,1,0,0,0,0,0,80,0
5,Storm,Josh Addo-Carr,5,Winger,80,4,1,0,0,0,0,0,0,45,11,130,24,44,0,0,0,0,6,0,11,3.93,0,0,0,0,1,4,16,0.36,0.7140000000000001,5,1,1,0,3,0,0,0,0,0,0,0,0,0,0,0,0,0,0,0,0,0,0,80,0
5,Storm,Cameron Munster,6,Five-Eighth,80,0,0,0,0,0,0,0,0,49,14,91,0,21,0,1,2,0,2,0,6,3.3,1,5,0,1,10,28,41,2,0.767,23,5,2,0,0,7,143,0,2,1,0,0,3,0,0,0,0,0,0,0,0,0,0,80,0
5,Storm,Jahrome Hughes,7,Halfback,71,4,1,0,0,0,0,0,0,37,5,41,13,5,0,1,1,0,1,0,2,3.54,0,0,0,0,2,37,48,7.4,0.75,15,5,0,0,0,8,250,0,4,0,0,0,1,0,0,0,0,1,1,0,0,0,0,70,0
5,Storm,Jesse Bromwich,8,Prop,43,0,0,0,0,0,0,0,0,26,13,116,0,60,0,0,0,0,1,13,10,3.48,0,0,0,1,0,2,15,0.15,0.87,20,3,0,0,0,0,0,0,0,0,0,0,0,0,1,1,0,1,0,0,0,0,0,20,23
5,Storm,Brandon Smith,9,Hooker,43,0,0,0,0,0,0,0,0,31,8,46,0,11,0,1,1,0,0,2,5,4.37,5,37,0,1,7,40,46,5,0.87,20,1,2,0,0,0,0,0,0,0,0,0,0,0,0,0,0,0,0,0,0,0,0,26,16
5,Storm,Christian Welch,10,Prop,50,4,1,0,0,0,0,0,0,68,15,168,94,74,1,1,0,0,2,8,11,3.79,0,0,0,3,0,4,19,0.27,0.897,26,0,3,0,0,0,0,0,0,0,0,0,0,0,0,0,0,0,1,1,0,0,0,24,24
5,Storm,Felise Kaufusi,11,2nd,80,4,1,0,0,0,0,0,0,60,11,106,0,57,2,0,0,0,1,10,8,2.71,1,2,0,2,0,4,16,0.36,0.9059999999999999,29,1,2,0,0,0,0,0,0,0,0,0,0,0,0,0,0,0,0,1,0,0,0,80,0
5,Storm,Kenneath Bromwich,12,2nd,80,0,0,0,0,0,0,0,0,43,9,103,0,46,0,0,1,0,0,8,7,4.1,0,0,0,0,0,4,13,0.44,0.9,36,3,1,0,0,1,12,0,0,1,0,0,0,0,0,0,0,1,0,1,0,0,0,80,0
5,Storm,Nelson Asofa-Solomona,13,Interchange,40,0,0,0,0,0,0,0,0,36,11,121,12,62,0,0,0,0,0,9,7,3.15,0,0,0,2,0,1,12,0.09,1.0,25,0,0,0,0,0,0,0,0,0,0,0,0,0,0,0,0,0,0,0,0,1,0,43,6
5,Storm,Chris Lewis,14,Reserve,0,0,0,0,0,0,0,0,0,0,0,0,0,0,0,0,0,0,0,0,0,0,0,0,0,0,0,0,0,0,0,0,0,0,0,0,0,0,0,0,0,0,0,0,0,0,0,0,0,0,0,0,0,0,0,0
5,Storm,Tui Kamikamica,15,Lock,50,4,1,0,0,0,0,0,0,54,10,90,5,39,1,0,0,0,3,9,8,3.56,0,0,0,0,0,2,12,0.2,0.867,26,1,3,0,0,0,0,0,0,0,0,0,0,0,0,0,0,0,0,0,0,0,0,49,0
5,Storm,Tom Eisenhuth,16,Interchange,30,0,0,0,0,0,0,0,0,24,5,43,0,24,0,0,0,0,0,5,5,3.33,0,0,0,0,2,3,9,0.6,0.903,28,3,0,0,0,0,0,0,0,0,0,0,0,0,1,1,0,0,0,0,0,0,0,30,0
5,Storm,Nicho Hynes,17,Interchange,9,4,1,0,0,0,0,0,0,11,3,29,0,0,0,0,0,0,0,0,0,0,0,0,0,1,0,3,6,1,1.0,1,0,0,0,0,0,0,0,0,0,0,0,0,0,1,1,0,0,0,0,0,0,0,9,0
5,Storm,Harry Grant,21,Interchange,53,0,0,0,0,0,0,0,0,44,7,74,0,36,0,1,1,0,0,1,6,3.93,6,65,0,0,5,56,62,8,0.8640000000000001,38,3,3,0,0,0,0,0,0,0,0,0,0,0,1,1,0,0,1,0,0,0,0,53,0
5,Roosters,James Tedesco,1,Fullback,80,0,0,0,0,0,0,0,0,44,20,216,71,57,1,0,0,0,5,1,15,3.82,1,10,0,0,11,11,30,0.55,1.0,3,0,0,0,3,0,0,0,0,0,0,0,0,0,1,0,0,0,0,0,0,0,0,80,0
5,Roosters,Daniel Tupou,2,Winger,80,4,1,0,0,0,0,0,0,46,21,237,121,69,1,0,0,0,2,2,20,2.88,1,9,0,0,0,4,28,0.19,1.0,1,0,0,0,2,0,0,0,0,0,0,0,0,0,1,2,0,0,0,0,0,0,0,80,0
5,Roosters,Josh Morris,3,Centre,80,0,0,0,0,0,0,0,0,39,9,102,0,48,0,0,0,0,0,2,8,3.92,0,0,0,0,0,3,13,0.33,0.88,22,1,2,0,0,1,24,0,0,0,0,0,0,1,0,0,0,0,0,0,0,0,0,80,0
5,Roosters,Joseph Manu,4,Centre,80,0,0,0,0,0,0,0,0,37,9,67,0,22,0,0,0,0,3,1,6,3.17,0,0,0,1,2,4,13,0.44,0.741,20,4,3,0,0,0,0,0,0,0,0,0,0,0,1,0,0,0,0,0,0,0,0,80,0
5,Roosters,Brett Morris,5,Winger,80,8,2,0,0,0,0,0,0,64,13,125,0,34,2,0,0,0,5,1,7,2.88,0,0,0,2,1,2,16,0.15,0.722,13,4,1,0,0,2,50,0,0,0,0,0,0,0,0,0,0,0,0,0,0,0,0,80,0
5,Roosters,Drew Hutchison,6,Five-Eighth,80,4,1,0,0,0,0,0,0,71,7,79,0,8,2,0,0,0,5,0,3,2.99,1,31,0,0,1,37,52,5.29,0.87,20,3,0,0,0,11,343,1,4,0,0,0,2,0,0,0,0,0,0,0,0,0,0,80,0
5,Roosters,Sam Walker,7,Halfback,80,4,1,0,0,0,0,0,0,51,12,79,0,2,1,3,3,0,2,0,2,5.64,0,0,0,0,3,30,41,2.5,0.682,15,6,1,0,0,7,168,0,1,0,0,0,1,1,2,2,0,1,0,0,0,0,0,80,0
5,Roosters,Isaac Liu,8,Prop,58,0,0,0,0,0,0,0,0,52,16,151,20,51,0,0,0,0,2,14,13,2.83,0,0,0,0,1,2,17,0.13,0.917,33,0,3,0,0,0,0,0,0,0,0,0,0,0,1,1,0,0,0,0,0,0,0,54,3
5,Roosters,Freddy Lussick,9,Hooker,17,0,0,0,0,0,0,0,0,9,1,11,0,1,0,0,0,0,0,0,1,4.32,1,11,0,0,1,13,14,13,0.8,12,1,2,0,0,0,0,0,0,0,0,0,0,0,0,0,0,1,0,0,0,0,0,17,0
5,Roosters,Siosiua Taukeiaho,10,Prop,54,6,0,3,5,0,0.6,0,0,57,16,147,0,59,0,0,0,0,1,15,16,3.06,0,0,0,0,0,2,18,0.13,0.943,33,0,2,0,1,0,0,0,0,0,0,0,0,0,0,0,0,0,0,0,0,0,0,32,21
5,Roosters,Angus Crichton,11,2nd,80,0,0,0,0,0,0,0,0,67,20,167,16,48,0,0,0,0,5,19,17,2.86,0,0,0,0,1,3,23,0.15,0.851,40,4,3,0,0,0,0,0,0,0,0,0,0,0,0,0,0,0,0,0,0,0,0,80,0
5,Roosters,Sitili Tupouniua,12,Interchange,48,0,0,0,0,0,0,0,0,27,6,52,0,21,0,0,0,0,0,5,4,3.56,0,0,0,1,0,2,8,0.33,0.9520000000000001,20,1,0,0,0,0,0,0,0,0,0,0,0,0,1,1,0,0,0,0,0,0,0,48,0
5,Roosters,Victor Radley,13,Lock,58,0,0,0,0,0,0,0,0,43,12,96,0,10,0,0,0,0,1,4,3,3.03,0,0,0,0,0,34,37,2.83,0.9209999999999999,35,1,2,0,0,0,0,0,0,0,0,0,0,0,0,0,0,1,0,0,0,0,0,31,25
5,Roosters,Benjamin Marschke,14,Interchange,63,0,0,0,0,0,0,0,0,41,1,5,0,0,0,1,1,0,0,0,0,0,1,5,0,0,0,104,102,104,0.927,38,1,2,0,0,0,0,0,0,0,0,0,0,0,0,0,0,1,0,0,1,0,0,63,0
5,Roosters,Jared Waerea-Hargreaves,15,Interchange,44,0,0,0,0,0,0,0,0,51,21,219,35,100,0,0,0,0,0,17,20,2.88,0,0,0,1,0,2,23,0.1,1.0,26,0,0,0,0,0,0,0,0,0,0,0,0,0,0,0,0,1,0,0,0,0,0,44,0
5,Roosters,Nat Butcher,16,2nd,58,0,0,0,0,0,0,0,0,42,10,72,0,24,0,0,0,0,1,9,9,2.71,0,0,0,0,1,6,15,0.6,1.0,32,0,0,0,0,0,0,0,0,0,0,0,0,0,0,0,0,0,0,0,0,0,0,58,0
5,Roosters,Fletcher Baker,17,Interchange,0,0,0,0,0,0,0,0,0,0,0,0,0,0,0,0,0,0,0,0,0,0,0,0,0,0,0,0,0,0,0,0,0,0,0,0,0,0,0,0,0,0,0,0,0,0,0,0,0,0,0,0,0,0,0,0
5,Roosters,Matt Ikuvalu,21,Reserve,0,0,0,0,0,0,0,0,0,0,0,0,0,0,0,0,0,0,0,0,0,0,0,0,0,0,0,0,0,0,0,0,0,0,0,0,0,0,0,0,0,0,0,0,0,0,0,0,0,0,0,0,0,0,0,0
5,Sharks,William Kennedy,1,Fullback,80,4,1,0,0,0,0,0,0,50,18,192,94,44,1,0,0,0,4,0,15,4.5,1,11,0,1,5,6,24,0.33,0.75,6,1,1,0,3,0,0,0,0,0,0,0,0,0,1,1,0,0,0,0,0,0,0,80,0
5,Sharks,Mawene Hiroti,2,Winger,80,4,1,0,0,0,0,0,0,29,16,104,0,35,1,0,0,0,2,1,11,3.09,0,0,0,1,0,1,18,0.06,0.5,2,1,1,0,1,0,0,0,0,0,0,0,0,0,1,1,0,0,0,0,0,0,0,80,0
5,Sharks,Josh Dugan,3,Centre,41,0,0,0,0,0,0,0,0,27,9,75,0,23,0,1,1,0,5,0,7,3.32,0,0,0,0,0,1,8,0.11,0.429,3,4,0,0,0,0,0,0,0,0,0,0,0,0,1,1,0,0,0,0,0,0,0,41,0
5,Sharks,Jesse Ramien,4,Centre,80,0,0,0,0,0,0,0,0,48,18,135,0,39,0,0,1,0,3,0,14,3.38,0,0,0,3,0,5,21,0.28,0.955,21,1,0,0,0,0,0,0,0,0,0,0,0,0,1,0,0,1,1,0,0,0,0,80,0
5,Sharks,Ronaldo Mulitalo,5,Winger,80,0,0,0,0,0,0,0,0,31,12,88,3,36,0,0,0,0,5,0,9,3.29,0,0,0,2,0,0,12,0,0.8,8,2,0,0,3,0,0,0,0,0,0,0,0,0,1,0,0,0,0,0,0,0,0,80,0
5,Sharks,Matt Moylan,6,Five-Eighth,80,0,0,0,0,0,0,0,0,21,8,79,0,16,0,0,0,0,1,0,5,3.13,1,10,0,0,4,39,47,4.88,0.762,16,3,2,0,1,1,4,0,0,0,0,0,0,0,0,1,0,0,0,0,0,0,0,80,0
5,Sharks,Chad Townsend,7,Halfback,80,6,0,2,3,1,0.75,0,0,69,4,23,0,4,0,0,0,0,0,0,3,2.96,0,0,0,0,2,41,63,10.25,0.882,30,3,1,1,0,19,622,1,2,2,0,0,1,0,0,0,0,0,1,0,0,0,0,80,0
5,Sharks,Braden Hamlin-Uele,8,Prop,46,0,0,0,0,0,0,0,0,38,8,81,23,35,0,0,0,0,3,5,7,2.65,0,0,0,1,0,2,10,0.25,1.0,19,0,0,0,0,0,0,0,0,0,0,0,0,0,0,0,0,0,0,0,0,0,0,22,24
5,Sharks,Blayke Brailey,9,Hooker,80,0,0,0,0,0,0,0,0,27,3,23,0,13,0,0,0,0,0,0,3,4.31,3,23,0,0,5,123,124,41,0.912,31,3,0,0,0,1,58,0,0,0,0,0,0,0,0,0,0,1,0,0,0,0,0,80,0
5,Sharks,Aaron Woods,10,Prop,55,0,0,0,0,0,0,0,0,36,10,101,0,49,0,0,0,0,0,10,8,2.99,0,0,0,2,1,5,15,0.5,1.0,22,0,0,0,0,0,0,0,0,0,0,0,0,0,0,0,0,0,0,1,0,0,0,33,20
5,Sharks,Teig Wilton,11,2nd,80,0,0,0,0,0,0,0,0,50,12,89,0,34,0,0,0,0,1,12,11,2.65,0,0,0,0,0,2,14,0.17,0.8640000000000001,51,6,2,0,0,0,0,0,0,0,0,0,0,0,0,0,0,0,0,0,0,0,0,80,0
5,Sharks,Wade Graham,12,2nd,14,0,0,0,0,0,0,0,0,7,4,46,0,15,0,0,0,0,0,4,4,3.46,0,0,0,0,0,1,5,0.25,0.833,5,1,0,0,0,0,0,0,0,0,0,0,0,0,0,0,0,0,0,0,0,0,0,14,0
5,Sharks,Toby Rudolf,13,Lock,80,0,0,0,0,0,0,0,0,46,13,131,0,48,1,0,0,0,0,12,10,3.05,0,0,0,1,0,2,15,0.15,0.907,39,4,0,0,0,0,0,0,0,0,0,0,0,0,2,0,0,0,0,0,0,0,0,80,0
5,Sharks,Connor Tracey,14,Interchange,40,0,0,0,0,0,0,0,0,15,7,94,0,26,0,0,0,0,2,7,7,3.61,0,0,0,0,1,1,7,0.14,0,0,0,1,0,0,0,0,0,0,0,0,0,0,0,0,0,0,0,0,0,0,0,0,40,0
5,Sharks,Aiden Tolman,15,Interchange,53,0,0,0,0,0,0,0,0,37,12,79,0,27,0,0,0,0,0,12,11,3.47,0,0,0,0,0,4,16,0.33,0.971,34,1,0,0,0,0,0,0,0,0,0,0,0,0,1,0,0,0,0,0,0,0,0,45,7
5,Sharks,Jack Williams,16,Interchange,50,4,1,0,0,0,0,0,0,43,14,123,25,44,0,0,0,0,0,11,13,3.14,0,0,0,0,1,1,15,0.07,0.9,27,2,1,0,0,0,0,0,0,0,0,0,0,0,0,0,0,0,0,0,0,0,0,47,2
5,Sharks,Billy Magoulias,17,Interchange,22,0,0,0,0,0,0,0,0,22,5,46,0,22,0,0,0,0,0,5,5,3.74,0,0,0,0,1,7,12,1.4,1.0,18,0,0,0,0,0,0,0,0,0,0,0,0,0,0,0,0,0,0,0,0,0,0,22,0
5,Sharks,Braydon Trindall,18,Reserve,0,0,0,0,0,0,0,0,0,0,0,0,0,0,0,0,0,0,0,0,0,0,0,0,0,0,0,0,0,0,0,0,0,0,0,0,0,0,0,0,0,0,0,0,0,0,0,0,0,0,0,0,0,0,0,0
5,Wests Tigers,Daine Laurie,1,Fullback,80,4,1,0,0,0,0,0,0,46,18,130,33,25,0,0,0,0,3,0,16,3.44,1,6,0,0,1,16,35,0.89,0.8,8,2,0,0,3,0,0,0,0,0,0,0,0,0,0,0,0,0,0,0,0,0,0,80,0
5,Wests Tigers,David Nofoaluma,2,Winger,80,4,1,0,0,0,0,0,0,37,20,174,79,44,1,0,0,0,2,0,13,3.79,0,0,0,3,0,6,23,0.3,0.25,1,2,1,0,1,0,0,0,0,0,0,0,0,0,1,1,0,0,0,0,0,0,0,80,0
5,Wests Tigers,James Roberts,3,Centre,80,0,0,0,0,0,0,0,0,8,10,94,0,33,0,0,0,0,0,0,8,3.36,2,21,0,0,4,4,13,0.4,0.75,9,2,1,0,0,0,0,0,0,0,0,0,0,0,2,2,0,1,0,0,0,0,0,80,0
5,Wests Tigers,Moses Mbye,4,Interchange,67,0,0,0,0,0,0,0,0,21,10,67,0,23,0,2,0,0,4,0,7,3.29,0,0,0,0,1,12,18,1.2,0.833,5,1,0,0,0,0,0,0,0,0,0,0,0,0,1,1,0,1,0,0,0,0,0,67,0
5,Wests Tigers,Tommy Talau,5,Winger,80,4,1,0,0,0,0,0,0,34,19,137,7,42,1,0,0,0,0,0,15,3.53,0,0,1,1,0,3,22,0.16,0.5710000000000001,4,2,1,0,1,0,0,0,0,0,0,0,0,0,1,0,0,0,0,0,0,0,0,80,0
5,Wests Tigers,Adam Doueihi,6,Five-Eighth,80,6,0,3,6,0,0.5,0,0,70,11,110,0,64,0,2,2,0,4,0,8,3.86,1,3,0,1,3,18,37,1.64,0.889,16,1,1,0,0,9,193,1,4,3,0,0,1,0,0,0,0,0,0,0,0,0,0,80,0
5,Wests Tigers,Zane Musgrove,8,Prop,39,0,0,0,0,0,0,0,0,37,12,108,13,37,0,0,0,0,2,11,12,3.78,0,0,0,0,0,1,13,0.08,0.958,23,0,1,0,0,0,0,0,0,0,0,0,0,0,0,0,0,1,0,0,0,0,0,27,11
5,Wests Tigers,Jacob Liddle,9,Hooker,80,0,0,0,0,0,0,0,0,62,5,43,0,15,0,1,1,0,0,1,4,2.66,4,35,0,0,2,128,129,25.6,0.966,57,1,1,0,0,0,0,0,0,0,0,0,0,0,2,2,0,0,0,0,0,0,0,80,0
5,Wests Tigers,James Tamou,10,Prop,28,0,0,0,0,0,0,0,0,24,7,61,0,21,0,0,0,0,0,7,7,2.91,0,0,0,0,0,0,7,0,1.0,18,0,0,0,0,0,0,0,0,0,0,0,0,0,0,0,0,0,0,0,0,0,0,27,0
5,Wests Tigers,Luke Garner,11,Interchange,52,4,1,0,0,0,0,0,0,63,8,99,0,31,1,0,0,0,4,8,7,2.98,0,0,0,1,0,0,10,0,1.0,27,0,0,0,1,0,0,0,0,0,0,0,0,0,0,0,0,0,0,0,0,0,0,52,0
5,Wests Tigers,Luciano Leilua,12,2nd,80,4,1,0,0,0,0,0,0,59,13,109,0,32,1,0,1,0,2,9,7,3.38,1,9,0,1,1,6,17,0.46,0.9329999999999999,28,1,1,0,0,1,0,0,0,1,0,0,0,0,1,1,0,0,0,0,0,0,0,80,0
5,Wests Tigers,Alex Twal,13,Lock,65,0,0,0,0,0,0,0,0,62,13,128,0,51,1,0,0,0,1,13,13,3.31,0,0,0,0,1,0,13,0,0.977,43,0,1,0,0,0,0,0,0,0,0,0,0,0,0,0,0,0,0,0,0,0,0,64,0
5,Wests Tigers,Michael Chee Kam,14,Reserve,0,0,0,0,0,0,0,0,0,0,0,0,0,0,0,0,0,0,0,0,0,0,0,0,0,0,0,0,0,0,0,0,0,0,0,0,0,0,0,0,0,0,0,0,0,0,0,0,0,0,0,0,0,0,0,0
5,Wests Tigers,Thomas Mikaele,15,Interchange,27,0,0,0,0,0,0,0,0,28,9,67,0,29,0,0,0,0,1,9,8,3.96,0,0,0,1,0,0,9,0,0.929,13,0,1,0,0,0,0,0,0,0,0,0,0,0,0,0,0,0,0,0,0,0,0,27,0
5,Wests Tigers,Stefano Utoikamanu,16,Interchange,41,0,0,0,0,0,0,0,0,40,11,89,0,35,0,0,0,0,0,11,8,2.81,0,0,0,2,0,2,13,0.18,0.966,28,1,0,0,0,0,0,0,0,0,0,0,0,0,1,0,0,0,0,0,0,0,0,40,0
5,Wests Tigers,Joe Ofahengaue,17,2nd,68,4,1,0,0,0,0,0,0,74,18,148,0,56,1,0,0,0,4,18,12,3.81,0,0,0,4,2,1,19,0.06,0.97,32,1,0,0,0,0,0,0,0,0,0,0,0,0,1,1,0,0,0,1,0,0,0,52,15
5,Wests Tigers,Joseph Leilua,19,Centre,13,0,0,0,0,0,0,0,0,1,3,17,0,7,0,0,0,0,0,0,3,5.76,1,16,0,0,0,1,4,0.33,0,0,0,0,0,0,0,0,0,0,0,0,0,0,0,0,0,0,0,0,0,0,0,0,13,0
5,Wests Tigers,Luke Brooks,22,Halfback,80,0,0,0,0,0,0,0,0,55,8,43,0,3,0,1,2,0,4,0,4,3.55,0,0,0,2,2,37,55,4.63,0.938,15,0,1,0,0,11,206,0,3,3,0,0,2,0,1,1,0,0,0,0,0,0,0,80,0
5,Cowboys,Valentine Holmes,1,Fullback,80,10,0,5,6,0,0.8332999999999999,0,0,32,11,110,20,47,1,0,0,0,2,0,10,4.24,3,36,0,0,0,11,27,1,0.9,9,1,0,0,2,1,7,0,0,1,0,0,0,0,4,4,0,0,0,0,0,0,0,80,0
5,Cowboys,Kyle Feldt,2,Winger,80,0,0,0,0,0,0,0,0,16,13,102,29,36,0,0,0,0,2,0,9,2.72,0,0,0,1,0,2,18,0.15,0.667,4,1,1,0,2,0,0,0,0,0,0,0,0,0,5,3,0,0,0,0,0,0,0,80,0
5,Cowboys,Hamiso Tabuai-Fidow,3,Centre,66,4,1,0,0,0,0,0,0,33,3,62,0,1,1,0,0,0,2,0,1,5.68,0,0,0,1,0,2,7,0.67,0.846,11,1,1,0,1,1,28,0,0,0,0,0,0,0,2,2,0,0,0,0,0,0,0,66,0
5,Cowboys,Connelly Lemuelu,4,Centre,80,0,0,0,0,0,0,0,0,18,9,75,0,25,0,0,0,0,0,0,8,3.16,0,0,0,0,0,4,13,0.44,0.792,19,2,3,0,0,0,0,0,0,0,0,0,0,0,1,1,0,1,0,0,0,0,0,80,0
5,Cowboys,Murray Taulagi,5,Winger,80,8,2,0,0,0,0,0,0,43,7,70,12,17,1,1,0,0,0,0,5,2.34,0,0,0,1,0,1,10,0.14,0.857,6,0,1,0,1,1,33,0,0,0,0,0,0,0,0,0,0,0,0,0,0,0,0,80,0
5,Cowboys,Scott Drinkwater,6,Five-Eighth,80,4,1,0,0,0,0,0,0,54,10,56,4,5,0,1,2,0,1,0,5,4.26,0,0,0,0,2,9,28,0.9,0.6920000000000001,18,5,3,0,1,13,268,1,2,5,0,0,1,0,0,0,0,1,0,0,0,0,0,80,0
5,Cowboys,Ben Hampton,7,Halfback,80,0,0,0,0,0,0,0,0,51,8,96,8,14,0,0,1,0,3,0,5,2.3,0,0,0,0,3,16,33,2,0.684,13,4,2,1,0,10,351,0,3,2,0,0,0,0,1,0,0,0,0,0,0,0,0,80,0
5,Cowboys,Francis Molo,8,Prop,32,0,0,0,0,0,0,0,0,47,10,128,0,46,1,0,0,0,0,10,8,3.34,0,0,0,2,0,0,10,0,1.0,27,0,0,0,0,0,0,0,0,0,0,0,0,0,0,0,0,0,0,0,0,0,0,19,12
5,Cowboys,Reece Robson,9,Hooker,66,0,0,0,0,0,0,0,0,58,6,49,0,19,0,1,1,0,0,1,4,3.79,5,36,0,0,3,95,100,15.83,0.875,49,3,4,0,0,0,0,0,0,0,0,0,0,0,0,0,0,0,1,0,0,0,0,52,13
5,Cowboys,Jordan McLean,10,Prop,41,0,0,0,0,0,0,0,0,38,13,127,30,52,0,1,0,0,0,9,12,3.43,0,0,0,0,0,3,15,0.23,0.966,28,1,0,0,0,0,0,0,0,0,0,0,0,0,0,0,0,1,0,0,0,0,0,21,18
5,Cowboys,Shane Wright,11,2nd,72,0,0,0,0,0,0,0,0,29,8,64,0,22,0,0,0,0,0,7,8,3.86,1,5,0,0,0,0,9,0,0.853,29,3,2,0,0,0,0,0,0,0,0,0,0,0,0,0,0,0,0,0,0,0,0,72,0
5,Cowboys,Ben Condon,12,2nd,49,4,1,0,0,0,0,0,0,33,9,68,0,20,1,1,0,0,2,9,7,4.07,0,0,0,1,0,0,9,0,0.722,13,4,1,0,0,0,0,0,0,0,0,0,0,0,0,0,0,0,1,0,0,0,0,48,0
5,Cowboys,Jake Granville,14,Interchange,27,0,0,0,0,0,0,0,0,11,1,14,0,3,0,0,0,0,0,0,1,3.04,1,14,0,0,0,13,14,13,0.857,12,1,1,0,0,0,0,0,0,0,0,0,0,0,0,0,0,0,0,0,0,0,0,27,0
5,Cowboys,Coen Hess,15,Lock,57,0,0,0,0,0,0,0,0,39,7,55,0,25,0,0,0,0,1,6,6,2.81,0,0,0,0,0,1,7,0.14,0.971,33,1,0,0,0,0,0,0,0,0,0,0,0,0,0,0,0,0,1,1,0,0,0,25,31
5,Cowboys,Lachlan Burr,17,Interchange,54,4,1,0,0,0,0,0,0,57,12,104,0,44,0,0,0,0,1,12,12,3.66,0,0,0,0,0,0,13,0,0.805,33,2,6,0,1,0,0,0,0,0,0,0,0,0,0,0,0,1,0,0,0,0,0,46,8
5,Cowboys,Reuben Cotter,19,Interchange,60,0,0,0,0,0,0,0,0,69,16,156,0,57,0,0,0,0,0,15,15,3.72,0,0,0,0,4,2,18,0.13,0.945,52,1,2,0,0,0,0,0,0,0,0,0,0,0,1,1,0,1,0,0,1,0,0,60,0
5,Cowboys,Corey Jensen,20,Interchange,35,0,0,0,0,0,0,0,0,42,8,70,20,22,0,0,0,0,0,6,8,3.97,0,0,0,0,0,1,9,0.13,0.9670000000000001,29,1,0,0,0,0,0,0,0,0,0,0,0,0,0,0,0,0,0,0,0,0,0,35,0
5,Cowboys,Jake Clifford,21,Reserve,0,0,0,0,0,0,0,0,0,0,0,0,0,0,0,0,0,0,0,0,0,0,0,0,0,0,0,0,0,0,0,0,0,0,0,0,0,0,0,0,0,0,0,0,0,0,0,0,0,0,0,0,0,0,0,0
5,Eels,Clinton Gutherson,1,Fullback,80,4,1,0,0,0,0,0,0,57,20,210,109,52,1,1,0,0,5,0,14,4.14,2,20,0,1,6,31,51,1.55,0.8,4,1,0,0,0,1,17,0,1,0,0,0,0,0,1,1,0,0,0,0,1,0,0,80,0
5,Eels,Maika Sivo,2,Winger,80,0,0,0,0,0,0,0,0,29,16,154,17,69,0,0,0,0,5,0,16,4.12,0,0,0,0,0,1,19,0.06,0.5,1,0,1,0,0,1,12,0,0,1,0,0,0,0,1,1,0,0,0,0,0,0,0,80,0
5,Eels,Tom Opacic,3,Centre,80,0,0,0,0,0,0,0,0,39,12,116,0,46,1,0,0,0,4,0,11,3.05,1,6,0,1,0,4,16,0.33,0.9329999999999999,14,1,0,1,0,0,0,0,0,0,0,0,0,0,2,1,0,1,0,0,0,0,0,80,0
5,Eels,Marata Niukore,4,Centre,80,0,0,0,0,0,0,0,0,29,6,71,0,34,0,0,0,0,1,1,5,3.24,0,0,0,0,0,5,9,0.83,0.9440000000000001,17,1,0,0,0,0,0,0,0,0,0,0,0,0,0,0,0,0,0,0,0,0,0,80,0
5,Eels,Blake Ferguson,5,Winger,80,0,0,0,0,0,0,0,0,34,19,189,54,90,0,1,0,0,3,0,12,4.1,1,4,0,2,2,2,21,0.11,1.0,4,0,0,0,1,0,0,0,0,0,0,0,0,0,4,3,0,0,0,0,0,0,0,80,0
5,Eels,Dylan Brown,6,Five-Eighth,80,0,0,0,0,0,0,0,0,72,10,111,0,42,1,0,0,0,4,0,8,4.33,0,0,0,1,4,26,37,2.6,1.0,29,0,0,0,0,2,38,0,1,0,0,0,0,0,0,0,0,0,0,0,0,0,0,80,0
5,Eels,Mitchell Moses,7,Halfback,80,4,0,2,2,0,1.0,0,0,41,11,73,0,20,0,0,0,0,0,0,5,3.46,0,0,0,1,5,49,66,4.45,0.889,16,0,2,0,0,10,293,0,4,0,0,0,1,0,1,1,0,0,0,0,0,0,0,80,0
5,Eels,Reagan Campbell-Gillard,8,Prop,52,0,0,0,0,0,0,0,0,44,12,106,10,54,0,0,0,0,0,11,10,3.92,0,0,0,2,0,0,12,0,0.919,34,2,1,0,0,0,0,0,0,0,0,0,0,0,0,0,0,0,0,0,0,0,0,26,24
5,Eels,Reed Mahoney,9,Hooker,72,0,0,0,0,0,0,0,0,54,3,30,0,19,0,0,0,0,0,1,3,3.57,2,29,0,0,1,99,101,33,0.95,57,2,1,0,0,0,0,0,0,0,0,0,0,0,1,1,0,0,2,0,0,0,0,72,0
5,Eels,Junior Paulo,10,Prop,56,0,0,0,0,0,0,0,0,27,9,78,0,40,0,0,0,0,0,9,8,4.25,0,0,0,1,0,3,12,0.33,0.857,24,2,2,0,0,0,0,0,0,0,0,0,0,0,0,0,0,1,0,0,0,0,0,24,31
5,Eels,Shaun Lane,11,2nd,72,0,0,0,0,0,0,0,0,63,11,127,0,56,1,0,0,0,4,10,9,4.4,0,0,0,0,1,3,15,0.27,0.915,43,2,2,0,0,1,19,0,0,1,0,0,0,1,2,1,0,0,0,0,0,0,0,72,0
5,Eels,Nathan Brown,13,Lock,66,0,0,0,0,0,0,0,0,51,16,127,0,55,0,1,1,0,2,13,12,3.91,0,0,0,0,3,13,26,0.81,0.8640000000000001,38,5,1,0,0,0,0,0,0,0,0,0,0,0,1,1,0,0,2,0,0,0,0,55,10
5,Eels,Oregon Kaufusi,14,Interchange,24,0,0,0,0,0,0,0,0,21,6,49,13,23,0,0,0,0,0,5,5,3.66,0,0,0,1,0,0,6,0,1.0,15,0,0,0,0,0,0,0,0,0,0,0,0,0,0,0,0,0,0,0,0,0,0,23,0
5,Eels,Isaiah Papali'i,15,2nd,69,4,1,0,0,0,0,0,0,88,14,141,0,71,1,1,0,0,6,14,12,3.72,0,0,0,1,0,2,16,0.14,0.875,42,1,5,0,0,0,0,0,0,0,0,0,0,0,0,0,0,0,0,0,0,0,0,60,7
5,Eels,Will Smith,16,Interchange,8,0,0,0,0,0,0,0,0,4,1,7,0,3,0,0,0,0,0,0,1,3.2,1,7,0,0,0,8,9,8,0.8,4,0,1,0,0,0,0,0,0,0,0,0,0,0,0,0,0,0,0,0,0,0,0,8,0
5,Eels,Bryce Cartwright,17,Interchange,53,0,0,0,0,0,0,0,0,47,12,113,0,51,0,0,0,0,1,12,7,3.85,0,0,0,1,2,1,13,0.08,0.95,38,2,0,0,1,1,7,0,0,1,0,0,0,0,1,0,0,1,1,0,0,0,0,53,0
5,Eels,Ray Stone,18,Interchange,9,0,0,0,0,0,0,0,0,2,2,16,0,8,0,0,0,0,0,2,2,2.88,0,0,0,0,0,0,2,0,0.7140000000000001,5,2,0,0,0,0,0,0,0,0,0,0,0,0,0,0,0,0,0,0,0,0,0,8,0
5,Eels,Haze Dunster,19,Reserve,0,0,0,0,0,0,0,0,0,0,0,0,0,0,0,0,0,0,0,0,0,0,0,0,0,0,0,0,0,0,0,0,0,0,0,0,0,0,0,0,0,0,0,0,0,0,0,0,0,0,0,0,0,0,0,0
5,Dragons,Matthew Dufty,1,Fullback,80,8,2,0,0,0,0,0,0,58,13,150,11,37,1,2,2,0,1,0,10,3.05,2,23,0,0,2,17,29,1.31,0.8,4,1,0,0,0,1,16,0,0,1,0,0,0,0,0,0,0,0,0,0,0,0,0,80,0
5,Dragons,Cody Ramsey,2,Winger,80,0,0,0,0,0,0,0,0,34,11,71,38,20,0,0,0,0,2,0,9,3.67,3,22,0,0,0,3,13,0.27,0.727,8,0,3,0,3,0,0,0,0,0,0,0,0,0,1,1,0,0,0,0,0,0,0,80,0
5,Dragons,Jack Bird,3,Centre,80,4,1,0,0,0,0,0,0,63,16,96,0,40,1,0,0,0,9,0,13,4.05,5,31,0,0,1,8,24,0.5,0.727,16,4,2,0,2,1,30,0,0,0,0,0,0,0,2,2,0,0,0,0,0,0,0,80,0
5,Dragons,Zac Lomax,4,Centre,80,10,0,4,4,1,1.0,0,0,53,14,120,11,58,0,0,0,0,1,0,13,4.83,2,12,0,0,0,3,15,0.21,0.893,25,1,2,1,1,0,0,0,0,0,0,0,0,0,1,0,0,1,0,0,0,0,0,80,0
5,Dragons,Mikaele Ravalawa,5,Winger,80,4,1,0,0,0,0,0,0,37,16,142,21,57,1,0,0,0,1,0,14,3.83,0,0,0,0,0,1,17,0.06,0.7,7,3,0,0,3,0,0,0,0,0,0,0,0,0,2,1,0,0,0,0,0,0,0,80,0
5,Dragons,Corey Norman,6,Five-Eighth,80,0,0,0,0,0,0,0,0,35,8,42,0,14,0,0,0,0,0,0,3,2.91,0,0,0,0,6,38,52,4.75,0.727,16,5,1,0,0,10,354,1,1,1,0,0,0,0,1,1,0,0,1,0,0,0,0,80,0
5,Dragons,Adam Clune,7,Halfback,74,0,0,0,0,0,0,0,0,44,12,81,0,14,1,1,1,0,1,0,5,4.65,0,0,0,0,4,29,42,2.42,0.731,19,5,2,0,0,8,315,0,0,1,0,0,0,0,0,0,0,1,0,0,0,0,0,74,0
5,Dragons,Blake Lawrie,8,Prop,16,0,0,0,0,0,0,0,0,30,5,48,28,16,0,0,0,0,2,3,4,3.82,0,0,0,0,0,0,5,0,1.0,16,0,0,0,0,0,0,0,0,0,0,0,0,0,0,0,0,0,1,0,0,0,0,16,0
5,Dragons,Andrew McCullough,9,Hooker,80,0,0,0,0,0,0,0,0,62,8,56,0,23,0,0,0,0,0,0,5,4.09,8,56,0,1,5,120,129,15,0.98,50,1,0,0,0,3,60,0,0,0,0,0,0,0,0,0,0,0,2,0,0,0,0,80,0
5,Dragons,Paul Vaughan,10,Prop,56,0,0,0,0,0,0,0,0,44,21,175,0,91,0,0,0,0,0,21,21,3.88,0,0,0,0,0,1,22,0.05,0.9670000000000001,29,1,0,0,0,0,0,0,0,0,0,0,0,0,0,0,0,0,1,0,0,0,0,26,18
5,Dragons,Josh Kerr,11,2nd,80,0,0,0,0,0,0,0,0,37,11,102,0,48,0,0,0,0,0,11,9,2.92,0,0,0,1,0,0,11,0,0.795,31,5,3,0,0,0,0,0,0,0,0,0,0,0,0,0,0,0,0,0,0,0,0,80,0
5,Dragons,Tariq Sims,12,2nd,70,0,0,0,0,0,0,0,0,34,15,122,0,59,0,0,0,0,2,15,15,3.32,0,0,0,1,0,0,16,0,0.893,25,2,1,0,0,0,0,0,0,0,0,0,0,0,0,0,0,1,2,0,0,1,0,70,0
5,Dragons,Tyrell Fuimaono,13,Lock,43,0,0,0,0,0,0,0,0,26,9,82,0,37,0,0,0,0,0,9,8,3.8,0,0,0,1,0,0,9,0,0.857,24,4,0,0,0,0,0,0,0,0,0,0,0,0,0,0,0,0,0,0,0,0,0,28,11
5,Dragons,Trent Merrin,15,Interchange,33,0,0,0,0,0,0,0,0,35,10,100,11,52,0,0,0,0,1,8,8,3.11,0,0,0,1,0,1,10,0.1,0.9570000000000001,22,0,1,0,0,0,0,0,0,0,0,0,0,0,1,1,0,0,1,0,0,0,0,33,0
5,Dragons,Daniel Alvaro,16,Interchange,45,0,0,0,0,0,0,0,0,48,15,126,12,62,0,0,0,0,1,14,14,3.75,0,0,0,1,1,0,15,0,0.927,38,2,1,0,0,0,0,0,0,0,0,0,0,0,0,0,0,1,0,0,0,0,0,28,9
5,Dragons,Brayden Wiliame,17,Interchange,17,0,0,0,0,0,0,0,0,10,5,42,0,20,0,0,0,0,0,5,5,3.97,0,0,0,0,1,0,5,0,0.889,8,1,0,0,0,0,0,0,0,0,0,0,0,0,0,0,0,0,0,0,0,0,0,17,0
5,Dragons,Jackson Ford,18,Reserve,0,0,0,0,0,0,0,0,0,0,0,0,0,0,0,0,0,0,0,0,0,0,0,0,0,0,0,0,0,0,0,0,0,0,0,0,0,0,0,0,0,0,0,0,0,0,0,0,0,0,0,0,0,0,0,0
5,Dragons,Kaide Ellis,19,Interchange,37,0,0,0,0,0,0,0,0,34,9,90,45,34,0,0,0,0,0,6,7,3.5,0,0,0,2,0,0,9,0,1.0,21,0,0,0,0,0,0,0,0,0,0,0,0,0,0,0,0,0,1,1,0,0,0,31,6
