pk,sk,data,player_id,player_name,search_name,nrl_club,position,position2
PLAYER#100180,PROFILE,TEAM#None,100180,Young TONUMAIPEA,young tonumaipea,Titans,Back,
PLAYER#100415,PROFILE,TEAM#None,100415,Kelma TUILAGI,kelma tuilagi,Storm,Forward,
PLAYER#100331,PROFILE,TEAM#None,100331,Darby MEDLYN,darby medlyn,Raiders,Forward,
PLAYER#100138,PROFILE,TEAM#None,100138,Phillip SAMI,phillip sami,Titans,Back,
PLAYER#100337,PROFILE,TEAM#None,100337,Francis MOLO,francis molo,Cowboys,Forward,
PLAYER#100489,PROFILE,TEAM#None,100489,Drew HUTCHISON,drew hutchison,Roosters,Playmaker,
PLAYER#100509,PROFILE,TEAM#None,100509,Jarome LUAI,jarome luai,Panthers,Playmaker,
PLAYER#100075,PROFILE,TEAM#None,100075,Semisi KIOA,semisi kioa,Sea Eagles,Back,
PLAYER#100259,PROFILE,TEAM#None,100259,Tyson FRIZELL,tyson frizell,Dragons,Forward,
PLAYER#100436,PROFILE,TEAM#None,100436,Hudson YOUNG,hudson young,Raiders,Forward,
PLAYER#100465,PROFILE,TEAM#None,100465,Tom DEARDEN,tom dearden,Broncos,Playmaker,
PLAYER#100573,PROFILE,TEAM#None,100573,Isaac Lumelume,isaac lumelume,Storm,Back,
PLAYER#100318,PROFILE,TEAM#None,100318,Matthew LODGE,matthew lodge,Broncos,Forward,
PLAYER#100393,PROFILE,TEAM#None,100393,Sauaso SUE,sauaso sue,Bulldogs,Forward,
PLAYER#100141,PROFILE,TEAM#None,100141,Ioane SEIULI,ioane seiuli,Titans,Back,
PLAYER#100339,PROFILE,TEAM#None,100339,Luca MORETTI,luca moretti,Roosters,Forward,
PLAYER#100399,PROFILE,TEAM#None,100399,Siosiua TAUKEIAHO,siosiua taukeiaho,Roosters,Forward,
PLAYER#100092,PROFILE,TEAM#None,100092,Moses MBYE,moses mbye,Wests Tigers,Back,
PLAYER#100083,PROFILE,TEAM#None,100083,Zac LOMAX,zac lomax,Dragons,Back,
PLAYER#100062,PROFILE,TEAM#None,100062,Matt IKUVALU,matt ikuvalu,Roosters,Back,
PLAYER#100401,PROFILE,TEAM#None,100401,Jamayne TAUNOA-BROWN,jamayne taunoa-brown,Warriors,Forward,
PLAYER#100317,PROFILE,TEAM#None,100317,Isaac LIU,isaac liu,Roosters,Forward,
PLAYER#100249,PROFILE,TEAM#None,100249,Daniel FIFITA,daniel fifita,Roosters,Forward,
PLAYER#100127,PROFILE,TEAM#None,100127,Hayze PERHAM,hayze perham,Warriors,Back,
PLAYER#100027,PROFILE,TEAM#None,100027,Haze DUNSTER,haze dunster,Eels,Back,
PLAYER#100292,PROFILE,TEAM#None,100292,Brodie JONES,brodie jones,Knights,Forward,
PLAYER#100508,PROFILE,TEAM#None,100508,Hayden LOMAX,hayden lomax,Dragons,Playmaker,
PLAYER#100368,PROFILE,TEAM#None,100368,Toby RUDOLF,toby rudolf,Sharks,Forward,
PLAYER#100087,PROFILE,TEAM#None,100087,Joseph MANU,joseph manu,Roosters,Back,
PLAYER#100307,PROFILE,TEAM#None,100307,Leilani LATU,leilani latu,None,Forward,
PLAYER#100190,PROFILE,TEAM#None,100190,Nelson ASOFA-SOLOMONA,nelson asofa-solomona,Storm,Forward,
PLAYER#100096,PROFILE,TEAM#None,100096,Abbas MISKI,abbas miski,Sea Eagles,Back,
PLAYER#100129,PROFILE,TEAM#None,100129,Kalyn PONGA,kalyn ponga,Knights,Back,
PLAYER#100228,PROFILE,TEAM#None,100228,Angus CRICHTON,angus crichton,Roosters,Forward,
PLAYER#100379,PROFILE,TEAM#None,100379,Tariq SIMS,tariq sims,Dragons,Forward,
PLAYER#100281,PROFILE,TEAM#None,100281,Peter HOLA,peter hola,Cowboys,Forward,
PLAYER#100544,PROFILE,TEAM#None,100544,Toby SEXTON,toby sexton,Titans,Playmaker,
PLAYER#100358,PROFILE,TEAM#None,100358,Junior PAULO,junior paulo,Eels,Forward,
PLAYER#100215,PROFILE,TEAM#None,100215,Kurt CAPEWELL,kurt capewell,Panthers,Forward,
PLAYER#100103,PROFILE,TEAM#None,100103,Matt MOYLAN,matt moylan,Sharks,Back,
PLAYER#100248,PROFILE,TEAM#None,100248,Andrew FIFITA,andrew fifita,Sharks,Forward,
PLAYER#100341,PROFILE,TEAM#None,100341,Cameron MURRAY,cameron murray,Rabbitohs,Forward,
PLAYER#100170,PROFILE,TEAM#None,100170,Semi VALEMEI,semi valemei,Raiders,Back,
PLAYER#100538,PROFILE,TEAM#None,100538,Tyrone ROBERTS,tyrone roberts,Titans,Playmaker,
PLAYER#100419,PROFILE,TEAM#None,100419,Daniel VASQUEZ,daniel vasquez,Sharks,Forward,
PLAYER#100461,PROFILE,TEAM#None,100461,Phoenix CROSSLAND,phoenix crossland,Knights,Playmaker,
PLAYER#100108,PROFILE,TEAM#None,100108,Charnze NICOLL-KLOKSTAD,charnze nicoll-klokstad,Raiders,Back,
PLAYER#100500,PROFILE,TEAM#None,100500,Apisai KOROISAU,apisai koroisau,Panthers,Playmaker,
PLAYER#100493,PROFILE,TEAM#None,100493,Shaun JOHNSON,shaun johnson,Sharks,Playmaker,
PLAYER#100390,PROFILE,TEAM#None,100390,Ray STONE,ray stone,Eels,Forward,
PLAYER#100505,PROFILE,TEAM#None,100505,Lachlan LEWIS,lachlan lewis,Bulldogs,Playmaker,
PLAYER#100389,PROFILE,TEAM#None,100389,Jack STOCKWELL,jack stockwell,Titans,Forward,
PLAYER#100527,PROFILE,TEAM#None,100527,Sean O'SULLIVAN,sean o'sullivan,Broncos,Playmaker,
PLAYER#100512,PROFILE,TEAM#None,100512,Reed MAHONEY,reed mahoney,Eels,Playmaker,
PLAYER#100028,PROFILE,TEAM#None,100028,Sandor EARL,sandor earl,Storm,Back,
PLAYER#100537,PROFILE,TEAM#None,100537,Nathaniel ROACHE,nathaniel roache,Warriors,Playmaker,
PLAYER#100467,PROFILE,TEAM#None,100467,Wayde EGAN,wayde egan,Warriors,Playmaker,
PLAYER#100038,PROFILE,TEAM#None,100038,David FUSITU'A,david fusitu'a,Warriors,Back,
PLAYER#100374,PROFILE,TEAM#None,100374,Darryn SCHONIG,darryn schonig,Storm,Forward,
PLAYER#100475,PROFILE,TEAM#None,100475,Jacob GAGAI,jacob gagai,Rabbitohs,Playmaker,
PLAYER#100023,PROFILE,TEAM#None,100023,Adam DOUEIHI,adam doueihi,Wests Tigers,Back,
PLAYER#100274,PROFILE,TEAM#None,100274,Braden HAMLIN-UELE,braden hamlin-uele,Sharks,Forward,
PLAYER#100362,PROFILE,TEAM#None,100362,Pride PETTERSON ROBATI,pride petterson robati,Broncos,Forward,
PLAYER#100139,PROFILE,TEAM#None,100139,Shaun SAUNI-ESAU,shaun sauni-esau,Dragons,Back,
PLAYER#100122,PROFILE,TEAM#None,100122,Jaxson PAULO,jaxson paulo,Rabbitohs,Back,
PLAYER#100093,PROFILE,TEAM#None,100093,Brayden MCGRADY,brayden mcgrady,Panthers,Back,
PLAYER#100477,PROFILE,TEAM#None,100477,Craig GARVEY,craig garvey,Roosters,Playmaker,
PLAYER#100552,PROFILE,TEAM#None,100552,Ashley TAYLOR,ashley taylor,Titans,Playmaker,
PLAYER#100036,PROFILE,TEAM#None,100036,Jackson FERRIS,jackson ferris,Sharks,Back,
PLAYER#100015,PROFILE,TEAM#None,100015,Xavier COATES,xavier coates,Broncos,Back,
PLAYER#100494,PROFILE,TEAM#None,100494,Sione KATOA,sione katoa,Bulldogs,Playmaker,
PLAYER#100350,PROFILE,TEAM#None,100350,Haumole OLAKAUATU,haumole olakauatu,Sea Eagles,Forward,
PLAYER#100058,PROFILE,TEAM#None,100058,Will HOPOATE,will hopoate,Bulldogs,Back,
PLAYER#100198,PROFILE,TEAM#None,100198,Adam BLAIR,adam blair,Warriors,Forward,
PLAYER#100072,PROFILE,TEAM#None,100072,Richard KENNAR,richard kennar,Broncos,Back,
PLAYER#100009,PROFILE,TEAM#None,100009,Bradman BEST,bradman best,Knights,Back,
PLAYER#100223,PROFILE,TEAM#None,100223,Lindsay COLLINS,lindsay collins,Roosters,Forward,
PLAYER#100104,PROFILE,TEAM#None,100104,Ronaldo MULITALO,ronaldo mulitalo,Sharks,Back,
PLAYER#100557,PROFILE,TEAM#None,100557,Paul TURNER,paul turner,Warriors,Playmaker,
PLAYER#100128,PROFILE,TEAM#None,100128,Adam POMPEY,adam pompey,Warriors,Back,
PLAYER#100571,PROFILE,TEAM#None,100571,Matt Doorey,matt doorey,Bulldogs,Forward,
PLAYER#100065,PROFILE,TEAM#None,100065,Michael JENNINGS,michael jennings,Eels,Back,
PLAYER#100080,PROFILE,TEAM#None,100080,Joseph LEILUA,joseph leilua,Wests Tigers,Back,
PLAYER#100069,PROFILE,TEAM#None,100069,Sione KATOA,sione katoa,Sharks,Back,
PLAYER#100375,PROFILE,TEAM#None,100375,Hame SELE,hame sele,Rabbitohs,Forward,
PLAYER#100277,PROFILE,TEAM#None,100277,Tohu HARRIS,tohu harris,Warriors,Forward,
PLAYER#100276,PROFILE,TEAM#None,100276,Shannon HARRIS,shannon harris,Panthers,Forward,
PLAYER#100119,PROFILE,TEAM#None,100119,Ryan PAPENHUYZEN,ryan papenhuyzen,Storm,Back,
PLAYER#100288,PROFILE,TEAM#None,100288,Ryan JAMES,ryan james,Titans,Forward,
PLAYER#100169,PROFILE,TEAM#None,100169,Daniel TUPOU,daniel tupou,Roosters,Back,
PLAYER#100011,PROFILE,TEAM#None,100011,Waqa BLAKE,waqa blake,Eels,Back,
PLAYER#100523,PROFILE,TEAM#None,100523,Darren NICHOLLS,darren nicholls,Dragons,Playmaker,
PLAYER#100279,PROFILE,TEAM#None,100279,Jack HETHERINGTON,jack hetherington,Panthers,Forward,
PLAYER#100313,PROFILE,TEAM#None,100313,Spencer LENIU,spencer leniu,Panthers,Forward,
PLAYER#100540,PROFILE,TEAM#None,100540,Jaeman SALMON,jaeman salmon,Eels,Playmaker,
PLAYER#100381,PROFILE,TEAM#None,100381,Bayley SIRONEN,bayley sironen,Rabbitohs,Forward,
PLAYER#100528,PROFILE,TEAM#None,100528,Haumole OLAKAU'ATU,haumole olakau'atu,Sea Eagles,Playmaker,
PLAYER#100369,PROFILE,TEAM#None,100369,Zac SADDLER,zac saddler,Sea Eagles,Forward,
PLAYER#100392,PROFILE,TEAM#None,100392,Jaydn SU'A,jaydn su'a,Rabbitohs,Forward,
PLAYER#100070,PROFILE,TEAM#None,100070,Tui KATOA,tui katoa,Bulldogs,Back,
PLAYER#100208,PROFILE,TEAM#None,100208,Ethan BULLEMOR,ethan bullemor,Broncos,Forward,
PLAYER#100503,PROFILE,TEAM#None,100503,Karl LAWTON,karl lawton,Warriors,Playmaker,
PLAYER#100076,PROFILE,TEAM#None,100076,Sebastian KRIS,sebastian kris,Raiders,Back,
PLAYER#100533,PROFILE,TEAM#None,100533,Chris RANDALL,chris randall,Knights,Playmaker,
PLAYER#100256,PROFILE,TEAM#None,100256,Jackson FORD,jackson ford,Dragons,Forward,
PLAYER#100576,PROFILE,TEAM#None,100576,Cody Ramsey,cody ramsey,Dragons,Back,
PLAYER#100329,PROFILE,TEAM#None,100329,Jordan MCLEAN,jordan mclean,Cowboys,Forward,
PLAYER#100033,PROFILE,TEAM#None,100033,Max FEAGAI,max feagai,Dragons,Back,
PLAYER#100457,PROFILE,TEAM#None,100457,Joshua COOK,joshua cook,Rabbitohs,Playmaker,
PLAYER#100305,PROFILE,TEAM#None,100305,Keaon KOLOAMATANGI,keaon koloamatangi,Rabbitohs,Forward,
PLAYER#100474,PROFILE,TEAM#None,100474,Jake FRIEND,jake friend,Roosters,Playmaker,
PLAYER#100314,PROFILE,TEAM#None,100314,Moses LEOTA,moses leota,Panthers,Forward,
PLAYER#100471,PROFILE,TEAM#None,100471,Jamal FOGARTY,jamal fogarty,Titans,Playmaker,
PLAYER#100053,PROFILE,TEAM#None,100053,Josh HOFFMAN,josh hoffman,Eels,Back,
PLAYER#100227,PROFILE,TEAM#None,100227,Boyd CORDNER,boyd cordner,Roosters,Forward,
PLAYER#100326,PROFILE,TEAM#None,100326,Ryan MATTERSON,ryan matterson,Eels,Forward,
PLAYER#100211,PROFILE,TEAM#None,100211,Lachlan BURR,lachlan burr,Warriors,Forward,
PLAYER#100416,PROFILE,TEAM#None,100416,Sitili TUPOUNIUA,sitili tupouniua,Roosters,Forward,
PLAYER#100066,PROFILE,TEAM#None,100066,Robert JENNINGS,robert jennings,Wests Tigers,Back,
PLAYER#100421,PROFILE,TEAM#None,100421,Albert VETE,albert vete,Storm,Forward,
PLAYER#100265,PROFILE,TEAM#None,100265,Alex GLENN,alex glenn,Broncos,Forward,
PLAYER#100293,PROFILE,TEAM#None,100293,Kayne KALACHE,kayne kalache,Bulldogs,Forward,
PLAYER#100391,PROFILE,TEAM#None,100391,Sam STONE,sam stone,Titans,Forward,
PLAYER#100222,PROFILE,TEAM#None,100222,JJ COLLINS,jj collins,Raiders,Forward,
PLAYER#100459,PROFILE,TEAM#None,100459,Brodie CROFT,brodie croft,Broncos,Playmaker,
PLAYER#100034,PROFILE,TEAM#None,100034,Kyle FELDT,kyle feldt,Cowboys,Back,
PLAYER#100414,PROFILE,TEAM#None,100414,Jake TRBOJEVIC,jake trbojevic,Sea Eagles,Forward,
PLAYER#100224,PROFILE,TEAM#None,100224,Juwan COMPAIN,juwan compain,Titans,Forward,
PLAYER#100024,PROFILE,TEAM#None,100024,Scott DRINKWATER,scott drinkwater,Cowboys,Back,
PLAYER#100022,PROFILE,TEAM#None,100022,Anthony DON,anthony don,Titans,Back,
PLAYER#100510,PROFILE,TEAM#None,100510,Issac LUKE,issac luke,Dragons,Playmaker,
PLAYER#100404,PROFILE,TEAM#None,100404,Ben TE'O,ben te'o,Broncos,Forward,
PLAYER#100260,PROFILE,TEAM#None,100260,Tyrell FUIMAONO,tyrell fuimaono,Dragons,Forward,
PLAYER#100468,PROFILE,TEAM#None,100468,Manase FAINU,manase fainu,Sea Eagles,Playmaker,
PLAYER#100407,PROFILE,TEAM#None,100407,Joel THOMPSON,joel thompson,Sea Eagles,Forward,
PLAYER#100178,PROFILE,TEAM#None,100178,Sebastian WINTERS-CHANG,sebastian winters-chang,Bulldogs,Back,
PLAYER#100182,PROFILE,TEAM#None,100182,Leeson AH MAU,leeson ah mau,Warriors,Forward,
PLAYER#100322,PROFILE,TEAM#None,100322,Patrick MAGO,patrick mago,Rabbitohs,Forward,
PLAYER#100574,PROFILE,TEAM#None,100574,Matthew Timoko,matthew timoko,Raiders,Forward,
PLAYER#100355,PROFILE,TEAM#None,100355,Isaiah PAPALI'I,isaiah papali'i,Warriors,Forward,
PLAYER#100431,PROFILE,TEAM#None,100431,Tony WILLIAMS,tony williams,Sea Eagles,Forward,
PLAYER#100462,PROFILE,TEAM#None,100462,Cade CUST,cade cust,Sea Eagles,Playmaker,
PLAYER#100275,PROFILE,TEAM#None,100275,Corey HARAWIRA-NAERA,corey harawira-naera,Raiders,Forward,
PLAYER#100084,PROFILE,TEAM#None,100084,Nene MACDONALD,nene macdonald,Sharks,Back,
PLAYER#100245,PROFILE,TEAM#None,100245,Raymond FAITALA-MARINER,raymond faitala-mariner,Bulldogs,Forward,
PLAYER#100258,PROFILE,TEAM#None,100258,Jackson FREI,jackson frei,Warriors,Forward,
PLAYER#100388,PROFILE,TEAM#None,100388,Joe STIMSON,joe stimson,Bulldogs,Forward,
PLAYER#100405,PROFILE,TEAM#None,100405,Peni TEREPO,peni terepo,Eels,Forward,
PLAYER#100097,PROFILE,TEAM#None,100097,Latrell MITCHELL,latrell mitchell,Rabbitohs,Back,
PLAYER#100558,PROFILE,TEAM#None,100558,Jake TURPIN,jake turpin,Broncos,Playmaker,
PLAYER#100209,PROFILE,TEAM#None,100209,Thomas BURGESS,thomas burgess,Rabbitohs,Forward,
PLAYER#100134,PROFILE,TEAM#None,100134,James ROBERTS,james roberts,Rabbitohs,Back,
PLAYER#100445,PROFILE,TEAM#None,100445,Jayden BRAILEY,jayden brailey,Knights,Playmaker,
PLAYER#100055,PROFILE,TEAM#None,100055,Kerrod HOLLAND,kerrod holland,Bulldogs,Back,
PLAYER#100029,PROFILE,TEAM#None,100029,Dylan EDWARDS,dylan edwards,Panthers,Back,
PLAYER#100400,PROFILE,TEAM#None,100400,Jason TAUMALOLO,jason taumalolo,Cowboys,Forward,
PLAYER#100283,PROFILE,TEAM#None,100283,Corey HORSBURGH,corey horsburgh,Raiders,Forward,
PLAYER#100327,PROFILE,TEAM#None,100327,Glenn MCGRADY,glenn mcgrady,Panthers,Forward,
PLAYER#100354,PROFILE,TEAM#None,100354,Tevita PANGAI Junior,tevita pangai junior,Broncos,Forward,
PLAYER#100207,PROFILE,TEAM#None,100207,Jayson BUKUYA,jayson bukuya,Sharks,Forward,
PLAYER#100049,PROFILE,TEAM#None,100049,Morgan HARPER,morgan harper,Bulldogs,Back,
PLAYER#100383,PROFILE,TEAM#None,100383,Brandon SMITH,brandon smith,Storm,Forward,
PLAYER#100177,PROFILE,TEAM#None,100177,Brayden WILIAME,brayden wiliame,Dragons,Back,
PLAYER#100041,PROFILE,TEAM#None,100041,Edene GEBBIE,edene gebbie,Rabbitohs,Back,
PLAYER#100162,PROFILE,TEAM#None,100162,Brian TO'O,brian to'o,Panthers,Back,
PLAYER#100473,PROFILE,TEAM#None,100473,Matt FRAWLEY,matt frawley,Raiders,Playmaker,
PLAYER#100565,PROFILE,TEAM#None,100565,Jack WIGHTON,jack wighton,Raiders,Playmaker,
PLAYER#100026,PROFILE,TEAM#None,100026,Josh DUGAN,josh dugan,Sharks,Back,
PLAYER#100378,PROFILE,TEAM#None,100378,Korbin SIMS,korbin sims,Dragons,Forward,
PLAYER#100149,PROFILE,TEAM#None,100149,Reimis SMITH,reimis smith,Bulldogs,Back,
PLAYER#100246,PROFILE,TEAM#None,100246,Darius FARMER,darius farmer,Titans,Forward,
PLAYER#100151,PROFILE,TEAM#None,100151,Treymain SPRY,treymain spry,Titans,Back,
PLAYER#100216,PROFILE,TEAM#None,100216,Joshua CARR,joshua carr,Sharks,Forward,
PLAYER#100124,PROFILE,TEAM#None,100124,Kea PERE,kea pere,Titans,Back,
PLAYER#100197,PROFILE,TEAM#None,100197,Eddie BLACKER,eddie blacker,Dragons,Forward,
PLAYER#100086,PROFILE,TEAM#None,100086,Josh MANSOUR,josh mansour,Panthers,Back,
PLAYER#100157,PROFILE,TEAM#None,100157,Isaiah TASS,isaiah tass,Bulldogs,Back,
PLAYER#100221,PROFILE,TEAM#None,100221,Oliver CLARK,oliver clark,Wests Tigers,Forward,
PLAYER#100220,PROFILE,TEAM#None,100220,Michael CHEE-KAM,michael chee-kam,Wests Tigers,Forward,
PLAYER#100463,PROFILE,TEAM#None,100463,Troy DARGAN,troy dargan,Rabbitohs,Playmaker,
PLAYER#100446,PROFILE,TEAM#None,100446,Billy BRITTAIN,billy brittain,Dragons,Playmaker,
PLAYER#100204,PROFILE,TEAM#None,100204,Jesse BROMWICH,jesse bromwich,Storm,Forward,
PLAYER#100098,PROFILE,TEAM#None,100098,Tautau MOGA,tautau moga,Knights,Back,
PLAYER#100426,PROFILE,TEAM#None,100426,Christian WELCH,christian welch,Storm,Forward,
PLAYER#100541,PROFILE,TEAM#None,100541,Nathanael SASAGI,nathanael sasagi,Knights,Playmaker,
PLAYER#100294,PROFILE,TEAM#None,100294,Tui KAMIKAMICA,tui kamikamica,Storm,Forward,
PLAYER#100449,PROFILE,TEAM#None,100449,Matt BURTON,matt burton,Panthers,Playmaker,
PLAYER#100143,PROFILE,TEAM#None,100143,Gehamat SHIBASAKI,gehamat shibasaki,Knights,Back,
PLAYER#100229,PROFILE,TEAM#None,100229,Matthew CROKER,matthew croker,Knights,Forward,
PLAYER#100561,PROFILE,TEAM#None,100561,Cody WALKER,cody walker,Rabbitohs,Playmaker,
PLAYER#100577,PROFILE,TEAM#None,100577,Renouf Atoni,renouf atoni,Bulldogs,Forward,
PLAYER#100519,PROFILE,TEAM#None,100519,Anthony MILFORD,anthony milford,Broncos,Playmaker,
PLAYER#100082,PROFILE,TEAM#None,100082,Connelly LEMUELU,connelly lemuelu,Cowboys,Back,
PLAYER#100551,PROFILE,TEAM#None,100551,Jayden SULLIVAN,jayden sullivan,Dragons,Playmaker,
PLAYER#100001,PROFILE,TEAM#None,100001,Josh ADDO-CARR,josh addo-carr,Storm,Back,
PLAYER#100483,PROFILE,TEAM#None,100483,Dean HAWKINS,dean hawkins,Rabbitohs,Playmaker,
PLAYER#100530,PROFILE,TEAM#None,100530,Kyle PATTERSON,kyle patterson,Sharks,Playmaker,
PLAYER#100423,PROFILE,TEAM#None,100423,Corey WADDELL,corey waddell,Sea Eagles,Forward,
PLAYER#100556,PROFILE,TEAM#None,100556,Braydon TRINDALL,braydon trindall,Sharks,Playmaker,
PLAYER#100199,PROFILE,TEAM#None,100199,Shawn BLORE,shawn blore,Wests Tigers,Forward,
PLAYER#100420,PROFILE,TEAM#None,100420,Paul VAUGHAN,paul vaughan,Dragons,Forward,
PLAYER#100101,PROFILE,TEAM#None,100101,Brett MORRIS,brett morris,Roosters,Back,
PLAYER#100348,PROFILE,TEAM#None,100348,Joe OFAHENGAUE,joe ofahengaue,Broncos,Forward,
PLAYER#100417,PROFILE,TEAM#None,100417,Alex TWAL,alex twal,Wests Tigers,Forward,
PLAYER#100081,PROFILE,TEAM#None,100081,Greg LELEISIUAO,greg leleisiuao,Titans,Back,
PLAYER#100071,PROFILE,TEAM#None,100071,Brian KELLY,brian kelly,Titans,Back,
PLAYER#100254,PROFILE,TEAM#None,100254,Thomas FLEGLER,thomas flegler,Broncos,Forward,
PLAYER#100094,PROFILE,TEAM#None,100094,Sam MCINTYRE,sam mcintyre,Wests Tigers,Back,
PLAYER#100004,PROFILE,TEAM#None,100004,Corey ALLAN,corey allan,Rabbitohs,Back,
PLAYER#100433,PROFILE,TEAM#None,100433,Aaron WOODS,aaron woods,Sharks,Forward,
PLAYER#100495,PROFILE,TEAM#None,100495,Luke KEARY,luke keary,Roosters,Playmaker,
PLAYER#100219,PROFILE,TEAM#None,100219,Jed CARTWRIGHT,jed cartwright,Rabbitohs,Forward,
PLAYER#100398,PROFILE,TEAM#None,100398,Tevita TATOLA,tevita tatola,Rabbitohs,Forward,
PLAYER#100218,PROFILE,TEAM#None,100218,Bryce CARTWRIGHT,bryce cartwright,Titans,Forward,
PLAYER#100289,PROFILE,TEAM#None,100289,Corey JENSEN,corey jensen,Cowboys,Forward,
PLAYER#100488,PROFILE,TEAM#None,100488,Ben HUNT,ben hunt,Dragons,Playmaker,
PLAYER#100233,PROFILE,TEAM#None,100233,Kurt DILLON,kurt dillon,Rabbitohs,Forward,
PLAYER#100370,PROFILE,TEAM#None,100370,Daniel SAIFITI,daniel saifiti,Knights,Forward,
PLAYER#100347,PROFILE,TEAM#None,100347,Kai O'DONNELL,kai o'donnell,Raiders,Forward,
PLAYER#100095,PROFILE,TEAM#None,100095,Nick MEANEY,nick meaney,Bulldogs,Back,
PLAYER#100085,PROFILE,TEAM#None,100085,Kurt MANN,kurt mann,Knights,Back,
PLAYER#100566,PROFILE,TEAM#None,100566,George WILLIAMS,george williams,Raiders,Playmaker,
PLAYER#100309,PROFILE,TEAM#None,100309,Chris LAWRENCE,chris lawrence,Wests Tigers,Forward,
PLAYER#100536,PROFILE,TEAM#None,100536,Josh REYNOLDS,josh reynolds,Wests Tigers,Playmaker,
PLAYER#100043,PROFILE,TEAM#None,100043,Campbell GRAHAM,campbell graham,Rabbitohs,Back,
PLAYER#100460,PROFILE,TEAM#None,100460,Lachlan CROKER,lachlan croker,Sea Eagles,Playmaker,
PLAYER#100213,PROFILE,TEAM#None,100213,Nat BUTCHER,nat butcher,Roosters,Forward,
PLAYER#100409,PROFILE,TEAM#None,100409,Lachlan TIMM,lachlan timm,Dragons,Forward,
PLAYER#100005,PROFILE,TEAM#None,100005,Jade ANDERSON,jade anderson,Sea Eagles,Back,
PLAYER#100553,PROFILE,TEAM#None,100553,Jazz TEVAGA,jazz tevaga,Warriors,Playmaker,
PLAYER#100194,PROFILE,TEAM#None,100194,Mitchell BARNETT,mitchell barnett,Knights,Forward,
PLAYER#100051,PROFILE,TEAM#None,100051,Peta HIKU,peta hiku,Warriors,Back,
PLAYER#100252,PROFILE,TEAM#None,100252,James FISHER-HARRIS,james fisher-harris,Panthers,Forward,
PLAYER#100166,PROFILE,TEAM#None,100166,Enari TUALA,enari tuala,Knights,Back,
PLAYER#100120,PROFILE,TEAM#None,100120,Brad PARKER,brad parker,Sea Eagles,Back,
PLAYER#100447,PROFILE,TEAM#None,100447,Luke BROOKS,luke brooks,Wests Tigers,Playmaker,
PLAYER#100481,PROFILE,TEAM#None,100481,Chanel HARRIS-TAVITA,chanel harris-tavita,Warriors,Playmaker,
PLAYER#100107,PROFILE,TEAM#None,100107,Brent NADEN,brent naden,Panthers,Back,
PLAYER#100328,PROFILE,TEAM#None,100328,Josh MCGUIRE,josh mcguire,Cowboys,Forward,
PLAYER#100287,PROFILE,TEAM#None,100287,Josh JACKSON,josh jackson,Bulldogs,Forward,
PLAYER#100016,PROFILE,TEAM#None,100016,Dale COPLEY,dale copley,Titans,Back,
PLAYER#100295,PROFILE,TEAM#None,100295,Eliesa KATOA,eliesa katoa,Warriors,Forward,
PLAYER#100376,PROFILE,TEAM#None,100376,Alex SEYFARTH,alex seyfarth,Wests Tigers,Forward,
PLAYER#100312,PROFILE,TEAM#None,100312,Luciano LEILUA,luciano leilua,Wests Tigers,Forward,
PLAYER#100155,PROFILE,TEAM#None,100155,Hamiso TABUAI-FIDOW,hamiso tabuai-fidow,Cowboys,Back,
PLAYER#100113,PROFILE,TEAM#None,100113,Corey OATES,corey oates,Broncos,Back,
PLAYER#100290,PROFILE,TEAM#None,100290,Jack JOHNS,jack johns,Rabbitohs,Forward,
PLAYER#100515,PROFILE,TEAM#None,100515,Tyrone MAY,tyrone may,Panthers,Playmaker,
PLAYER#100056,PROFILE,TEAM#None,100056,Valentine HOLMES,valentine holmes,Cowboys,Back,
PLAYER#100176,PROFILE,TEAM#None,100176,Dean WHARE,dean whare,Panthers,Back,
PLAYER#100237,PROFILE,TEAM#None,100237,Tom EISENHUTH,tom eisenhuth,Storm,Forward,
PLAYER#100212,PROFILE,TEAM#None,100212,Egan BUTCHER,egan butcher,Roosters,Forward,
PLAYER#100183,PROFILE,TEAM#None,100183,Tom ALE,tom ale,Warriors,Forward,
PLAYER#100455,PROFILE,TEAM#None,100455,Jack COGGER,jack cogger,Bulldogs,Playmaker,
PLAYER#100242,PROFILE,TEAM#None,100242,Poasa FAAMAUSILI,poasa faamausili,Roosters,Forward,
PLAYER#100499,PROFILE,TEAM#None,100499,Max KING,max king,Storm,Playmaker,
PLAYER#100479,PROFILE,TEAM#None,100479,Jake GRANVILLE,jake granville,Cowboys,Playmaker,
PLAYER#100394,PROFILE,TEAM#None,100394,Ryan SUTTON,ryan sutton,Raiders,Forward,
PLAYER#100266,PROFILE,TEAM#None,100266,Jack GOSIEWSKI,jack gosiewski,Sea Eagles,Forward,
PLAYER#100440,PROFILE,TEAM#None,100440,Jake AVERILLO,jake averillo,Bulldogs,Playmaker,
PLAYER#100131,PROFILE,TEAM#None,100131,Jordan RAPANA,jordan rapana,Raiders,Back,
PLAYER#100452,PROFILE,TEAM#None,100452,Nathan CLEARY,nathan cleary,Panthers,Playmaker,
PLAYER#100484,PROFILE,TEAM#None,100484,Kobe HETHERINGTON,kobe hetherington,Broncos,Playmaker,
PLAYER#100359,PROFILE,TEAM#None,100359,Tyrone PEACHEY,tyrone peachey,Titans,Forward,
PLAYER#100089,PROFILE,TEAM#None,100089,Esan MARSTERS,esan marsters,Cowboys,Back,
PLAYER#100448,PROFILE,TEAM#None,100448,Dylan BROWN,dylan brown,Eels,Playmaker,
PLAYER#100037,PROFILE,TEAM#None,100037,Tevita FUNA,tevita funa,Sea Eagles,Back,
PLAYER#100554,PROFILE,TEAM#None,100554,Chad TOWNSEND,chad townsend,Sharks,Playmaker,
PLAYER#100338,PROFILE,TEAM#None,100338,Jirah MOMOISEA,jirah momoisea,Knights,Forward,
PLAYER#100159,PROFILE,TEAM#None,100159,Murray TAULAGI,murray taulagi,Cowboys,Back,
PLAYER#100035,PROFILE,TEAM#None,100035,Blake FERGUSON,blake ferguson,Eels,Back,
PLAYER#100564,PROFILE,TEAM#None,100564,Connor WATSON,connor watson,Knights,Playmaker,
PLAYER#100572,PROFILE,TEAM#None,100572,Freddy Lussick,freddy lussick,Roosters,Forward,
PLAYER#100559,PROFILE,TEAM#None,100559,Sam VERRILLS,sam verrills,Roosters,Playmaker,
PLAYER#100236,PROFILE,TEAM#None,100236,Matthew EISENHUTH,matthew eisenhuth,Wests Tigers,Forward,
PLAYER#100046,PROFILE,TEAM#None,100046,Ryan HALL,ryan hall,Roosters,Back,
PLAYER#100396,PROFILE,TEAM#None,100396,James TAMOU,james tamou,Panthers,Forward,
PLAYER#100154,PROFILE,TEAM#None,100154,Moses SULI,moses suli,Sea Eagles,Back,
PLAYER#100161,PROFILE,TEAM#None,100161,Corey THOMPSON,corey thompson,Wests Tigers,Back,
PLAYER#100217,PROFILE,TEAM#None,100217,Patrick CARRIGAN,patrick carrigan,Broncos,Forward,
PLAYER#100240,PROFILE,TEAM#None,100240,Herman ESE'ESE,herman ese'ese,Knights,Forward,
PLAYER#100019,PROFILE,TEAM#None,100019,Stephen CRICHTON,stephen crichton,Panthers,Back,
PLAYER#100438,PROFILE,TEAM#None,100438,Chris LEWIS,chris lewis,Storm,Forward,
PLAYER#100517,PROFILE,TEAM#None,100517,Cameron MCINNES,cameron mcinnes,Dragons,Playmaker,
PLAYER#100156,PROFILE,TEAM#None,100156,Tommy TALAU,tommy talau,Wests Tigers,Back,
PLAYER#100106,PROFILE,TEAM#None,100106,Brayden MUSGROVE,brayden musgrove,Sea Eagles,Back,
PLAYER#100244,PROFILE,TEAM#None,100244,George FAI,george fai,Broncos,Forward,
PLAYER#100012,PROFILE,TEAM#None,100012,Alexander BRIMSON,alexander brimson,Titans,Back,
PLAYER#100088,PROFILE,TEAM#None,100088,Lachlan MARANTA,lachlan maranta,Dragons,Back,
PLAYER#100123,PROFILE,TEAM#None,100123,Jonus PEARSON,jonus pearson,Titans,Back,
PLAYER#100308,PROFILE,TEAM#None,100308,Daine LAURIE,daine laurie,Panthers,Forward,
PLAYER#100262,PROFILE,TEAM#None,100262,Luke GARNER,luke garner,Wests Tigers,Forward,
PLAYER#100186,PROFILE,TEAM#None,100186,Tom AMONE,tom amone,Rabbitohs,Forward,
PLAYER#100158,PROFILE,TEAM#None,100158,Jorge TAUFUA,jorge taufua,Sea Eagles,Back,
PLAYER#100090,PROFILE,TEAM#None,100090,Steven MARSTERS,steven marsters,Rabbitohs,Back,
PLAYER#100340,PROFILE,TEAM#None,100340,Jack MURCHIE,jack murchie,Warriors,Forward,
PLAYER#100006,PROFILE,TEAM#None,100006,Jesse ARTHARS,jesse arthars,Broncos,Back,
PLAYER#100335,PROFILE,TEAM#None,100335,Taane MILNE,taane milne,Warriors,Forward,
PLAYER#100301,PROFILE,TEAM#None,100301,Viliame KIKAU,viliame kikau,Panthers,Forward,
PLAYER#100025,PROFILE,TEAM#None,100025,Matthew DUFTY,matthew dufty,Dragons,Back,
PLAYER#100054,PROFILE,TEAM#None,100054,Reece HOFFMAN,reece hoffman,Wests Tigers,Back,
PLAYER#100148,PROFILE,TEAM#None,100148,Dylan SMITH,dylan smith,Wests Tigers,Back,
PLAYER#100257,PROFILE,TEAM#None,100257,Moeaki FOTUAIKA,moeaki fotuaika,Titans,Forward,
PLAYER#100306,PROFILE,TEAM#None,100306,Shaun LANE,shaun lane,Eels,Forward,
PLAYER#100231,PROFILE,TEAM#None,100231,Andrew DAVEY,andrew davey,Eels,Forward,
PLAYER#100192,PROFILE,TEAM#None,100192,Max BAILEY,max bailey,Roosters,Forward,
PLAYER#100450,PROFILE,TEAM#None,100450,Daly CHERRY-EVANS,daly cherry-evans,Sea Eagles,Playmaker,
PLAYER#100555,PROFILE,TEAM#None,100555,Connor TRACEY,connor tracey,Sharks,Playmaker,
PLAYER#100125,PROFILE,TEAM#None,100125,Jordan PEREIRA,jordan pereira,Dragons,Back,
PLAYER#100268,PROFILE,TEAM#None,100268,James GRAHAM,james graham,Dragons,Forward,
PLAYER#100504,PROFILE,TEAM#None,100504,Danny LEVI,danny levi,Sea Eagles,Playmaker,
PLAYER#100064,PROFILE,TEAM#None,100064,George JENNINGS,george jennings,Warriors,Back,
PLAYER#100052,PROFILE,TEAM#None,100052,Mawene HIROTI,mawene hiroti,Sharks,Back,
PLAYER#100496,PROFILE,TEAM#None,100496,Adam KEIGHRAN,adam keighran,Warriors,Playmaker,
PLAYER#100165,PROFILE,TEAM#None,100165,Tom TRBOJEVIC,tom trbojevic,Sea Eagles,Back,
PLAYER#100330,PROFILE,TEAM#None,100330,Chris MCQUEEN,chris mcqueen,Wests Tigers,Forward,
PLAYER#100403,PROFILE,TEAM#None,100403,Elijah TAYLOR,elijah taylor,Wests Tigers,Forward,
PLAYER#100547,PROFILE,TEAM#None,100547,Cameron SMITH,cameron smith,Storm,Playmaker,
PLAYER#100531,PROFILE,TEAM#None,100531,Mitchell PEARCE,mitchell pearce,Knights,Playmaker,
PLAYER#100456,PROFILE,TEAM#None,100456,Damien COOK,damien cook,Rabbitohs,Playmaker,
PLAYER#100179,PROFILE,TEAM#None,100179,Bronson XERRI,bronson xerri,Sharks,Back,
PLAYER#100091,PROFILE,TEAM#None,100091,Ken MAUMALO,ken maumalo,Warriors,Back,
PLAYER#100057,PROFILE,TEAM#None,100057,Albert HOPOATE,albert hopoate,Sea Eagles,Back,
PLAYER#100464,PROFILE,TEAM#None,100464,Rhys DAVIES,rhys davies,Eels,Playmaker,
PLAYER#100336,PROFILE,TEAM#None,100336,Shaquai MITCHELL,shaquai mitchell,Roosters,Forward,
PLAYER#100384,PROFILE,TEAM#None,100384,Chris SMITH,chris smith,Bulldogs,Forward,
PLAYER#100110,PROFILE,TEAM#None,100110,Tesi NIU,tesi niu,Broncos,Back,
PLAYER#100247,PROFILE,TEAM#None,100247,Beau FERMOR,beau fermor,Titans,Forward,
PLAYER#100273,PROFILE,TEAM#None,100273,Payne HAAS,payne haas,Broncos,Forward,
PLAYER#100146,PROFILE,TEAM#None,100146,Harley SMITH-SHIELDS,harley smith-shields,Raiders,Back,
PLAYER#100167,PROFILE,TEAM#None,100167,Christian TUIPULOTU,christian tuipulotu,Roosters,Back,
PLAYER#100346,PROFILE,TEAM#None,100346,Marata NIUKORE,marata niukore,Eels,Forward,
PLAYER#100560,PROFILE,TEAM#None,100560,Brandon WAKEHAM,brandon wakeham,Bulldogs,Playmaker,
PLAYER#100466,PROFILE,TEAM#None,100466,Zach DOCKAR-CLAY,zach dockar-clay,Sea Eagles,Playmaker,
PLAYER#100387,PROFILE,TEAM#None,100387,Scott SORENSEN,scott sorensen,Sharks,Forward,
PLAYER#100061,PROFILE,TEAM#None,100061,Dean IEREMIA,dean ieremia,Storm,Back,
PLAYER#100356,PROFILE,TEAM#None,100356,Josh PAPALII,josh papalii,Raiders,Forward,
PLAYER#100239,PROFILE,TEAM#None,100239,Kaide ELLIS,kaide ellis,Dragons,Forward,
PLAYER#100184,PROFILE,TEAM#None,100184,Josh ALOIAI,josh aloiai,Wests Tigers,Forward,
PLAYER#100105,PROFILE,TEAM#None,100105,CJ MUNDINE,cj mundine,Rabbitohs,Back,
PLAYER#100078,PROFILE,TEAM#None,100078,Brenko LEE,brenko lee,Storm,Back,
PLAYER#100429,PROFILE,TEAM#None,100429,Jack WILLIAMS,jack williams,Sharks,Forward,
PLAYER#100373,PROFILE,TEAM#None,100373,Andre SAVELIO,andre savelio,Broncos,Forward,
PLAYER#100442,PROFILE,TEAM#None,100442,Darius BOYD,darius boyd,Broncos,Playmaker,
PLAYER#100497,PROFILE,TEAM#None,100497,Mitch KENNY,mitch kenny,Panthers,Playmaker,
PLAYER#100521,PROFILE,TEAM#None,100521,Mitchell MOSES,mitchell moses,Eels,Playmaker,
PLAYER#100439,PROFILE,TEAM#None,100439,Daejarn ASI,daejarn asi,Cowboys,Playmaker,
PLAYER#100469,PROFILE,TEAM#None,100469,Jai FIELD,jai field,Eels,Playmaker,
PLAYER#100130,PROFILE,TEAM#None,100130,Jesse RAMIEN,jesse ramien,Sharks,Back,
PLAYER#100163,PROFILE,TEAM#None,100163,Starford TOA,starford toa,Knights,Back,
PLAYER#100226,PROFILE,TEAM#None,100226,Gavin COOPER,gavin cooper,Cowboys,Forward,
PLAYER#100357,PROFILE,TEAM#None,100357,Taniela PASEKA,taniela paseka,Sea Eagles,Forward,
PLAYER#100434,PROFILE,TEAM#None,100434,Shane WRIGHT,shane wright,Cowboys,Forward,
PLAYER#100008,PROFILE,TEAM#None,100008,Rocco BERRY,rocco berry,Warriors,Back,
PLAYER#100386,PROFILE,TEAM#None,100386,Iosia SOLIOLA,iosia soliola,Raiders,Forward,
PLAYER#100425,PROFILE,TEAM#None,100425,Jarrod WALLACE,jarrod wallace,Titans,Forward,
PLAYER#100263,PROFILE,TEAM#None,100263,Tom GILBERT,tom gilbert,Cowboys,Forward,
PLAYER#100060,PROFILE,TEAM#None,100060,Nicho HYNES,nicho hynes,Storm,Back,
PLAYER#100189,PROFILE,TEAM#None,100189,John ASIATA,john asiata,Cowboys,Forward,
PLAYER#100200,PROFILE,TEAM#None,100200,Shannon BOYD,shannon boyd,Titans,Forward,
PLAYER#100067,PROFILE,TEAM#None,100067,Alex JOHNSTON,alex johnston,Rabbitohs,Back,
PLAYER#100324,PROFILE,TEAM#None,100324,Liam MARTIN,liam martin,Panthers,Forward,
PLAYER#100267,PROFILE,TEAM#None,100267,David GOWER,david gower,Eels,Forward,
PLAYER#100109,PROFILE,TEAM#None,100109,Andre NIKO,andre niko,Raiders,Back,
PLAYER#100173,PROFILE,TEAM#None,100173,Dallin WATENE-ZELEZNIAK,dallin watene-zelezniak,Bulldogs,Back,
PLAYER#100487,PROFILE,TEAM#None,100487,Jahrome HUGHES,jahrome hughes,Storm,Playmaker,
PLAYER#100311,PROFILE,TEAM#None,100311,Jordan LEIGH,jordan leigh,Broncos,Forward,
PLAYER#100539,PROFILE,TEAM#None,100539,Reece ROBSON,reece robson,Cowboys,Playmaker,
PLAYER#100534,PROFILE,TEAM#None,100534,Mitch REIN,mitch rein,Titans,Playmaker,
PLAYER#100567,PROFILE,TEAM#None,100567,Sam WILLIAMS,sam williams,Raiders,Playmaker,
PLAYER#100418,PROFILE,TEAM#None,100418,Stefano UTOIKAMANU,stefano utoikamanu,Eels,Forward,
PLAYER#100562,PROFILE,TEAM#None,100562,Dylan WALKER,dylan walker,Sea Eagles,Playmaker,
PLAYER#100126,PROFILE,TEAM#None,100126,Izaia PERESE,izaia perese,Broncos,Back,
PLAYER#100424,PROFILE,TEAM#None,100424,Jared WAEREA-HARGREAVES,jared waerea-hargreaves,Roosters,Forward,
PLAYER#100441,PROFILE,TEAM#None,100441,Dean BLORE,dean blore,Panthers,Playmaker,
PLAYER#100135,PROFILE,TEAM#None,100135,Dan RUSSELL,dan russell,Cowboys,Back,
PLAYER#100332,PROFILE,TEAM#None,100332,Trent MERRIN,trent merrin,Dragons,Forward,
PLAYER#100529,PROFILE,TEAM#None,100529,Cory PAIX,cory paix,Broncos,Playmaker,
PLAYER#100549,PROFILE,TEAM#None,100549,Tom STARLING,tom starling,Raiders,Playmaker,
PLAYER#100118,PROFILE,TEAM#None,100118,Tom OPACIC,tom opacic,Cowboys,Back,
PLAYER#100506,PROFILE,TEAM#None,100506,Jacob LIDDLE,jacob liddle,Wests Tigers,Playmaker,
PLAYER#100270,PROFILE,TEAM#None,100270,Wiremu GREIG,wiremu greig,Cowboys,Forward,
PLAYER#100203,PROFILE,TEAM#None,100203,Dean BRITT,dean britt,Bulldogs,Forward,
PLAYER#100333,PROFILE,TEAM#None,100333,Thomas MIKAELE,thomas mikaele,Wests Tigers,Forward,
PLAYER#100525,PROFILE,TEAM#None,100525,Corey NORMAN,corey norman,Dragons,Playmaker,
PLAYER#100480,PROFILE,TEAM#None,100480,Blake GREEN,blake green,Warriors,Playmaker,
PLAYER#100152,PROFILE,TEAM#None,100152,Kotoni STAGGS,kotoni staggs,Broncos,Back,
PLAYER#100365,PROFILE,TEAM#None,100365,Victor RADLEY,victor radley,Roosters,Forward,
PLAYER#100430,PROFILE,TEAM#None,100430,Sonny Bill WILLIAMS,sonny bill williams,Roosters,Forward,
PLAYER#100360,PROFILE,TEAM#None,100360,Emry PERE,emry pere,Cowboys,Forward,
PLAYER#100511,PROFILE,TEAM#None,100511,Jock MADDEN,jock madden,Wests Tigers,Playmaker,
PLAYER#100114,PROFILE,TEAM#None,100114,Israel OGDEN,israel ogden,Warriors,Back,
PLAYER#100225,PROFILE,TEAM#None,100225,Benjamin CONDON,benjamin condon,Cowboys,Forward,
PLAYER#100269,PROFILE,TEAM#None,100269,Wade GRAHAM,wade graham,Sharks,Forward,
PLAYER#100251,PROFILE,TEAM#None,100251,Dale FINUCANE,dale finucane,Storm,Forward,
PLAYER#100232,PROFILE,TEAM#None,100232,Jack DE BELIN,jack de belin,Dragons,Forward,
PLAYER#100432,PROFILE,TEAM#None,100432,Teig WILTON,teig wilton,Sharks,Forward,
PLAYER#100250,PROFILE,TEAM#None,100250,David FIFITA,david fifita,Broncos,Forward,
PLAYER#100343,PROFILE,TEAM#None,100343,Dylan NAPA,dylan napa,Bulldogs,Forward,
PLAYER#100010,PROFILE,TEAM#None,100010,Jack BIRD,jack bird,Broncos,Back,
PLAYER#100074,PROFILE,TEAM#None,100074,Asu KEPAOA,asu kepaoa,Wests Tigers,Back,
PLAYER#100191,PROFILE,TEAM#None,100191,Mitchell AUBUSSON,mitchell aubusson,Roosters,Forward,
PLAYER#100297,PROFILE,TEAM#None,100297,Oregon KAUFUSI,oregon kaufusi,Eels,Forward,
PLAYER#100121,PROFILE,TEAM#None,100121,Ethan PARRY,ethan parry,Eels,Back,
PLAYER#100406,PROFILE,TEAM#None,100406,Zane TETEVANO,zane tetevano,Panthers,Forward,
PLAYER#100284,PROFILE,TEAM#None,100284,Jacob HOST,jacob host,Dragons,Forward,
PLAYER#100520,PROFILE,TEAM#None,100520,Michael MORGAN,michael morgan,Cowboys,Playmaker,
PLAYER#100296,PROFILE,TEAM#None,100296,Felise KAUFUSI,felise kaufusi,Storm,Forward,
PLAYER#100303,PROFILE,TEAM#None,100303,David KLEMMER,david klemmer,Knights,Forward,
PLAYER#100476,PROFILE,TEAM#None,100476,Tyson GAMBLE,tyson gamble,Broncos,Playmaker,
PLAYER#100206,PROFILE,TEAM#None,100206,Nathan BROWN,nathan brown,Eels,Forward,
PLAYER#100282,PROFILE,TEAM#None,100282,Jamil HOPOATE,jamil hopoate,Broncos,Forward,
PLAYER#100137,PROFILE,TEAM#None,100137,Tristan SAILOR,tristan sailor,Dragons,Back,
PLAYER#100485,PROFILE,TEAM#None,100485,Josh HODGSON,josh hodgson,Raiders,Playmaker,
PLAYER#100542,PROFILE,TEAM#None,100542,Josh SCHUSTER,josh schuster,Sea Eagles,Playmaker,
PLAYER#100524,PROFILE,TEAM#None,100524,Kodi NIKORIMA,kodi nikorima,Warriors,Playmaker,
PLAYER#100185,PROFILE,TEAM#None,100185,Daniel ALVARO,daniel alvaro,Eels,Forward,
PLAYER#100030,PROFILE,TEAM#None,100030,Brendan ELLIOT,brendan elliot,Sea Eagles,Back,
PLAYER#100068,PROFILE,TEAM#None,100068,Jordan KAHU,jordan kahu,Broncos,Back,
PLAYER#100018,PROFILE,TEAM#None,100018,Christian CRICHTON,christian crichton,Bulldogs,Back,
PLAYER#100133,PROFILE,TEAM#None,100133,Selesitino RAVUTAUMADA,selesitino ravutaumada,Warriors,Back,
PLAYER#100501,PROFILE,TEAM#None,100501,Lachlan LAM,lachlan lam,Roosters,Playmaker,
PLAYER#100261,PROFILE,TEAM#None,100261,Brock GARDNER,brock gardner,Rabbitohs,Forward,
PLAYER#100168,PROFILE,TEAM#None,100168,Roger TUIVASA-SHECK,roger tuivasa-sheck,Warriors,Back,
PLAYER#100193,PROFILE,TEAM#None,100193,Fletcher BAKER,fletcher baker,Roosters,Forward,
PLAYER#100458,PROFILE,TEAM#None,100458,Reuben COTTER,reuben cotter,Cowboys,Playmaker,
PLAYER#100575,PROFILE,TEAM#None,100575,Josh Curran,josh curran,Warriors,Forward,
PLAYER#100299,PROFILE,TEAM#None,100299,Sean KEPPIE,sean keppie,Sea Eagles,Forward,
PLAYER#100171,PROFILE,TEAM#None,100171,Ilikena VUDOGO,ilikena vudogo,Broncos,Back,
PLAYER#100045,PROFILE,TEAM#None,100045,Clinton GUTHERSON,clinton gutherson,Eels,Back,
PLAYER#100498,PROFILE,TEAM#None,100498,Cameron KING,cameron king,Sharks,Playmaker,
PLAYER#100507,PROFILE,TEAM#None,100507,Mason LINO,mason lino,Knights,Playmaker,
PLAYER#100112,PROFILE,TEAM#None,100112,Justin O'NEILL,justin o'neill,Cowboys,Back,
PLAYER#100382,PROFILE,TEAM#None,100382,Curtis SIRONEN,curtis sironen,Sea Eagles,Forward,
PLAYER#100316,PROFILE,TEAM#None,100316,Sam LISONE,sam lisone,Titans,Forward,
PLAYER#100202,PROFILE,TEAM#None,100202,Kane BRADLEY,kane bradley,Wests Tigers,Forward,
PLAYER#100205,PROFILE,TEAM#None,100205,Kenneath BROMWICH,kenneath bromwich,Storm,Forward,
PLAYER#100007,PROFILE,TEAM#None,100007,Gerard BEALE,gerard beale,Warriors,Back,
PLAYER#100278,PROFILE,TEAM#None,100278,Coen HESS,coen hess,Cowboys,Forward,
PLAYER#100147,PROFILE,TEAM#None,100147,Billy SMITH,billy smith,Roosters,Back,
PLAYER#100522,PROFILE,TEAM#None,100522,Cameron MUNSTER,cameron munster,Storm,Playmaker,
PLAYER#100021,PROFILE,TEAM#None,100021,Cory DENNISS,cory denniss,Rabbitohs,Back,
PLAYER#100017,PROFILE,TEAM#None,100017,Nick COTRIC,nick cotric,Raiders,Back,
PLAYER#100518,PROFILE,TEAM#None,100518,Luke METCALF,luke metcalf,Sea Eagles,Playmaker,
PLAYER#100234,PROFILE,TEAM#None,100234,Matthew DOOREY,matthew doorey,Bulldogs,Forward,
PLAYER#100144,PROFILE,TEAM#None,100144,Bailey SIMONSSON,bailey simonsson,Raiders,Back,
PLAYER#100516,PROFILE,TEAM#None,100516,Andrew MCCULLOUGH,andrew mccullough,Broncos,Playmaker,
PLAYER#100470,PROFILE,TEAM#None,100470,Kyle FLANAGAN,kyle flanagan,Roosters,Playmaker,
PLAYER#100411,PROFILE,TEAM#None,100411,Renouf TO'OMAGA,renouf to'omaga,Bulldogs,Forward,
PLAYER#100435,PROFILE,TEAM#None,100435,Isaah YEO,isaah yeo,Panthers,Forward,
PLAYER#100545,PROFILE,TEAM#None,100545,Jake SIMPKIN,jake simpkin,Wests Tigers,Playmaker,
PLAYER#100280,PROFILE,TEAM#None,100280,Keegan HIPGRAVE,keegan hipgrave,Titans,Forward,
PLAYER#100140,PROFILE,TEAM#None,100140,Curtis SCOTT,curtis scott,Raiders,Back,
PLAYER#100020,PROFILE,TEAM#None,100020,Jarrod CROKER,jarrod croker,Raiders,Back,
PLAYER#100492,PROFILE,TEAM#None,100492,Cooper JOHNS,cooper johns,Storm,Playmaker,
PLAYER#100325,PROFILE,TEAM#None,100325,Sione MATA'UTIA,sione mata'utia,Knights,Forward,
PLAYER#100271,PROFILE,TEAM#None,100271,Aidan GUERRA,aidan guerra,Knights,Forward,
PLAYER#100172,PROFILE,TEAM#None,100172,Suliasi VUNIVALU,suliasi vunivalu,Storm,Back,
PLAYER#100298,PROFILE,TEAM#None,100298,Rhys KENNEDY,rhys kennedy,Broncos,Forward,
PLAYER#100003,PROFILE,TEAM#None,100003,Euan AITKEN,euan aitken,Dragons,Back,
PLAYER#100513,PROFILE,TEAM#None,100513,Jeremy MARSHALL-KING,jeremy marshall-king,Bulldogs,Playmaker,
PLAYER#100102,PROFILE,TEAM#None,100102,Josh MORRIS,josh morris,Sharks,Back,
PLAYER#100535,PROFILE,TEAM#None,100535,Adam REYNOLDS,adam reynolds,Rabbitohs,Playmaker,
PLAYER#100188,PROFILE,TEAM#None,100188,Jai ARROW,jai arrow,Titans,Forward,
PLAYER#100136,PROFILE,TEAM#None,100136,Jason SAAB,jason saab,Dragons,Back,
PLAYER#100187,PROFILE,TEAM#None,100187,Jarred ANDERSON,jarred anderson,Bulldogs,Forward,
PLAYER#100342,PROFILE,TEAM#None,100342,Zane MUSGROVE,zane musgrove,Wests Tigers,Forward,
PLAYER#100073,PROFILE,TEAM#None,100073,William KENNEDY,william kennedy,Sharks,Back,
PLAYER#100013,PROFILE,TEAM#None,100013,Braidon BURNS,braidon burns,Rabbitohs,Back,
PLAYER#100195,PROFILE,TEAM#None,100195,John BATEMAN,john bateman,Raiders,Forward,
PLAYER#100490,PROFILE,TEAM#None,100490,Luke HUTH,luke huth,Knights,Playmaker,
PLAYER#100048,PROFILE,TEAM#None,100048,Tyrone HARDING,tyrone harding,Bulldogs,Back,
PLAYER#100543,PROFILE,TEAM#None,100543,James SEGEYARO,james segeyaro,Broncos,Playmaker,
PLAYER#100444,PROFILE,TEAM#None,100444,Blayke BRAILEY,blayke brailey,Sharks,Playmaker,
PLAYER#100253,PROFILE,TEAM#None,100253,Lachlan FITZGIBBON,lachlan fitzgibbon,Knights,Forward,
PLAYER#100315,PROFILE,TEAM#None,100315,Vincent LEULUAI,vincent leuluai,Wests Tigers,Forward,
PLAYER#100099,PROFILE,TEAM#None,100099,Paul MOMIROVSKI,paul momirovski,Storm,Back,
PLAYER#100044,PROFILE,TEAM#None,100044,Aaron GRAY,aaron gray,Sharks,Back,
PLAYER#100491,PROFILE,TEAM#None,100491,Ryley JACKS,ryley jacks,Storm,Playmaker,
PLAYER#100111,PROFILE,TEAM#None,100111,David NOFOALUMA,david nofoaluma,Wests Tigers,Back,
PLAYER#100546,PROFILE,TEAM#None,100546,Tyler SLADE,tyler slade,Warriors,Playmaker,
PLAYER#100255,PROFILE,TEAM#None,100255,Addin FONUA-BLAKE,addin fonua-blake,Sea Eagles,Forward,
PLAYER#100385,PROFILE,TEAM#None,100385,Garrett SMITH,garrett smith,Cowboys,Forward,
PLAYER#100363,PROFILE,TEAM#None,100363,Kevin PROCTOR,kevin proctor,Titans,Forward,
PLAYER#100334,PROFILE,TEAM#None,100334,Kayleb MILNE,kayleb milne,Sharks,Forward,
PLAYER#100353,PROFILE,TEAM#None,100353,Keenan PALASIA,keenan palasia,Broncos,Forward,
PLAYER#100454,PROFILE,TEAM#None,100454,Adam CLUNE,adam clune,Dragons,Playmaker,
PLAYER#100132,PROFILE,TEAM#None,100132,Mikaele RAVALAWA,mikaele ravalawa,Dragons,Back,
PLAYER#100548,PROFILE,TEAM#None,100548,Will SMITH,will smith,Eels,Playmaker,
PLAYER#100526,PROFILE,TEAM#None,100526,Brendan O'HAGAN,brendan o'hagan,Raiders,Playmaker,
PLAYER#100285,PROFILE,TEAM#None,100285,Samuel HUGHES,samuel hughes,Eels,Forward,
PLAYER#100238,PROFILE,TEAM#None,100238,Adam ELLIOTT,adam elliott,Bulldogs,Forward,
PLAYER#100352,PROFILE,TEAM#None,100352,Russell PACKER,russell packer,Wests Tigers,Forward,
PLAYER#100361,PROFILE,TEAM#None,100361,Lloyd PERRETT,lloyd perrett,Sea Eagles,Forward,
PLAYER#100570,PROFILE,TEAM#None,100570,Jordan Riki,jordan riki,Broncos,Forward,
PLAYER#100514,PROFILE,TEAM#None,100514,Benji MARSHALL,benji marshall,Wests Tigers,Playmaker,
PLAYER#100032,PROFILE,TEAM#None,100032,Mathew FEAGAI,mathew feagai,Dragons,Back,
PLAYER#100040,PROFILE,TEAM#None,100040,Reuben GARRICK,reuben garrick,Sea Eagles,Back,
PLAYER#100142,PROFILE,TEAM#None,100142,Marion SEVE,marion seve,Storm,Back,
PLAYER#100482,PROFILE,TEAM#None,100482,Siliva HAVILI,siliva havili,Raiders,Playmaker,
PLAYER#100014,PROFILE,TEAM#None,100014,Zachary CINI,zachary cini,Wests Tigers,Back,
PLAYER#100002,PROFILE,TEAM#None,100002,Caleb AEKINS,caleb aekins,Panthers,Back,
PLAYER#100410,PROFILE,TEAM#None,100410,Keith TITMUSS,keith titmuss,Sea Eagles,Forward,
PLAYER#100210,PROFILE,TEAM#None,100210,Billy BURNS,billy burns,Panthers,Forward,
PLAYER#100241,PROFILE,TEAM#None,100241,Kane EVANS,kane evans,Eels,Forward,
PLAYER#100413,PROFILE,TEAM#None,100413,Cruz TOPAI-AVEAI,cruz topai-aveai,Sharks,Forward,
PLAYER#100427,PROFILE,TEAM#None,100427,Jai WHITBREAD,jai whitbread,Titans,Forward,
PLAYER#100153,PROFILE,TEAM#None,100153,Charlie STAINES,charlie staines,Panthers,Back,
PLAYER#100351,PROFILE,TEAM#None,100351,Agnatius PAASI,agnatius paasi,Warriors,Forward,
PLAYER#100116,PROFILE,TEAM#None,100116,Justin OLAM,justin olam,Storm,Back,
PLAYER#100063,PROFILE,TEAM#None,100063,Jamayne ISAAKO,jamayne isaako,Broncos,Back,
PLAYER#100100,PROFILE,TEAM#None,100100,Marcelo MONTOYA,marcelo montoya,Bulldogs,Back,
PLAYER#100047,PROFILE,TEAM#None,100047,Ben HAMPTON,ben hampton,Cowboys,Back,
PLAYER#100472,PROFILE,TEAM#None,100472,Kieran FORAN,kieran foran,Bulldogs,Playmaker,
PLAYER#100349,PROFILE,TEAM#None,100349,Ofahiki OGDEN,ofahiki ogden,Bulldogs,Forward,
PLAYER#100443,PROFILE,TEAM#None,100443,Tanah BOYD,tanah boyd,Titans,Playmaker,
PLAYER#100367,PROFILE,TEAM#None,100367,James ROUMANOS,james roumanos,Bulldogs,Forward,
PLAYER#100408,PROFILE,TEAM#None,100408,Luke THOMPSON,luke thompson,Bulldogs,Forward,
PLAYER#100451,PROFILE,TEAM#None,100451,Erin CLARK,erin clark,Titans,Playmaker,
PLAYER#100145,PROFILE,TEAM#None,100145,Maika SIVO,maika sivo,Eels,Back,
PLAYER#100422,PROFILE,TEAM#None,100422,King VUNIYAYAWA,king vuniyayawa,Warriors,Forward,
PLAYER#100366,PROFILE,TEAM#None,100366,Ky RODWELL,ky rodwell,Rabbitohs,Forward,
PLAYER#100412,PROFILE,TEAM#None,100412,Aiden TOLMAN,aiden tolman,Bulldogs,Forward,
PLAYER#100243,PROFILE,TEAM#None,100243,Tino FAASUAMALEAUI,tino faasuamaleaui,Storm,Forward,
PLAYER#100201,PROFILE,TEAM#None,100201,Morgan BOYLE,morgan boyle,Sea Eagles,Forward,
PLAYER#100344,PROFILE,TEAM#None,100344,Mark NICHOLLS,mark nicholls,Rabbitohs,Forward,
PLAYER#100164,PROFILE,TEAM#None,100164,Ben TRBOJEVIC,ben trbojevic,Sea Eagles,Back,
PLAYER#100150,PROFILE,TEAM#None,100150,Sam SMITH,sam smith,Sea Eagles,Back,
PLAYER#100364,PROFILE,TEAM#None,100364,Leivaha PULU,leivaha pulu,Warriors,Forward,
PLAYER#100437,PROFILE,TEAM#None,100437,Siosifa TALAKAI,siosifa talakai,Sharks,Forward,
PLAYER#100380,PROFILE,TEAM#None,100380,Toafofoa SIPLEY,toafofoa sipley,Sea Eagles,Forward,
PLAYER#100264,PROFILE,TEAM#None,100264,Tim GLASBY,tim glasby,Knights,Forward,
PLAYER#100320,PROFILE,TEAM#None,100320,Ethan LOWE,ethan lowe,Rabbitohs,Forward,
PLAYER#100286,PROFILE,TEAM#None,100286,Royce HUNT,royce hunt,Sharks,Forward,
PLAYER#100042,PROFILE,TEAM#None,100042,Bryson GOODWIN,bryson goodwin,Sharks,Back,
PLAYER#100050,PROFILE,TEAM#None,100050,Patrick HERBERT,patrick herbert,Warriors,Back,
PLAYER#100300,PROFILE,TEAM#None,100300,Josh KERR,josh kerr,Dragons,Forward,
PLAYER#100117,PROFILE,TEAM#None,100117,Michael OLDFIELD,michael oldfield,Raiders,Back,
PLAYER#100059,PROFILE,TEAM#None,100059,Hymel HUNT,hymel hunt,Knights,Back,
PLAYER#100371,PROFILE,TEAM#None,100371,Jacob SAIFITI,jacob saifiti,Knights,Forward,
PLAYER#100077,PROFILE,TEAM#None,100077,Tim LAFAI,tim lafai,Dragons,Back,
PLAYER#100395,PROFILE,TEAM#None,100395,Brad TAKAIRANGI,brad takairangi,Eels,Forward,
PLAYER#100175,PROFILE,TEAM#None,100175,Kallum WATKINS,kallum watkins,Titans,Back,
PLAYER#100532,PROFILE,TEAM#None,100532,Nathan PEATS,nathan peats,Titans,Playmaker,
PLAYER#100502,PROFILE,TEAM#None,100502,Brock LAMB,brock lamb,Eels,Playmaker,
PLAYER#100214,PROFILE,TEAM#None,100214,Reagan CAMPBELL-GILLARD,reagan campbell-gillard,Eels,Forward,
PLAYER#100302,PROFILE,TEAM#None,100302,Josh KING,josh king,Knights,Forward,
PLAYER#100272,PROFILE,TEAM#None,100272,Emre GULER,emre guler,Raiders,Forward,
PLAYER#100453,PROFILE,TEAM#None,100453,Jake CLIFFORD,jake clifford,Cowboys,Playmaker,
PLAYER#100428,PROFILE,TEAM#None,100428,Elliott WHITEHEAD,elliott whitehead,Raiders,Forward,
PLAYER#100181,PROFILE,TEAM#None,100181,Bunty AFOA,bunty afoa,Warriors,Forward,
PLAYER#100174,PROFILE,TEAM#None,100174,Malakai WATENE-ZELEZNIAK,malakai watene-zelezniak,Panthers,Back,
PLAYER#100304,PROFILE,TEAM#None,100304,Liam KNIGHT,liam knight,Rabbitohs,Forward,
PLAYER#100039,PROFILE,TEAM#None,100039,Dane GAGAI,dane gagai,Rabbitohs,Back,
PLAYER#100569,PROFILE,TEAM#None,100569,Starford To'a,starford to'a,Knights,Back,
PLAYER#100235,PROFILE,TEAM#None,100235,Mitchell DUNN,mitchell dunn,Cowboys,Forward,
PLAYER#100230,PROFILE,TEAM#None,100230,Joshua CURRAN,joshua curran,Warriors,Forward,
PLAYER#100160,PROFILE,TEAM#None,100160,James TEDESCO,james tedesco,Roosters,Back,
PLAYER#100550,PROFILE,TEAM#None,100550,Jarrett SUBLOO,jarrett subloo,Raiders,Playmaker,
PLAYER#100323,PROFILE,TEAM#None,100323,Billy MAGOULIAS,billy magoulias,Sharks,Forward,
PLAYER#100568,PROFILE,TEAM#None,100568,Jack WILLIAMS2,jack williams2,Sharks,Playmaker,
PLAYER#100321,PROFILE,TEAM#None,100321,Dunamis LUI,dunamis lui,Raiders,Forward,
PLAYER#100291,PROFILE,TEAM#None,100291,Jaimin JOLLIFFE,jaimin jolliffe,Titans,Forward,
PLAYER#100196,PROFILE,TEAM#None,100196,Luke BATEMAN,luke bateman,Raiders,Forward,
PLAYER#100345,PROFILE,TEAM#None,100345,Briton NIKORA,briton nikora,Sharks,Forward,
PLAYER#100079,PROFILE,TEAM#None,100079,Edrick LEE,edrick lee,Knights,Back,
PLAYER#100478,PROFILE,TEAM#None,100478,Harry GRANT,harry grant,Wests Tigers,Playmaker,
PLAYER#100319,PROFILE,TEAM#None,100319,Joe LOVODUA,joe lovodua,Dragons,Forward,
PLAYER#100563,PROFILE,TEAM#None,100563,Billy WALTERS,billy walters,Wests Tigers,Playmaker,
PLAYER#100372,PROFILE,TEAM#None,100372,Pasami SAULO,pasami saulo,Knights,Forward,
PLAYER#100397,PROFILE,TEAM#None,100397,Joseph TAPINE,joseph tapine,Raiders,Forward,
PLAYER#100486,PROFILE,TEAM#None,100486,Tex HOY,tex hoy,Knights,Playmaker,
PLAYER#100402,PROFILE,TEAM#None,100402,Martin TAUPAU,martin taupau,Sea Eagles,Forward,
PLAYER#100377,PROFILE,TEAM#None,100377,Tukimihia SIMPKINS,tukimihia simpkins,Cowboys,Forward,
PLAYER#100310,PROFILE,TEAM#None,100310,Blake LAWRIE,blake lawrie,Dragons,Forward,
PLAYER#100031,PROFILE,TEAM#None,100031,Herbie FARNWORTH,herbie farnworth,Broncos,Back,
PLAYER#100115,PROFILE,TEAM#None,100115,Jayden OKUNBOR,jayden okunbor,Bulldogs,Back,
